,Product,Price
0,Google Chromecast 3 - Media Streamer,39.0
1,TP-LINK RE200 - Wifi Versterker - 750 Mbps,29.0
2,"Verstelbare Ergonomische Laptop/Notebook Standaard Universeel - Lichtgewicht laptop Apple Macbook Pro/Air, iPad, Asus, HP, ACER, Microsoft, Lenovo, Windows - Tablet Steun Opvouwbare Stand - 13, 14 , 15, 16, 17 inch",13.66
3,Seagate Expansion Portable 1TB - Externe harde schijf / Zwart,49.99
4,Trust Mydo - Stille Draadloze Muis - Zwart,13.49
5,Trust Bigfoot - Gel Muismat - Zwart,10.99
6,HP ENVY 5030 - All-in-One Printer,64.24
7,Google Chromecast Ultra - Media Streamer,79.99
8,TP-Link TL-SG105 - Switch,16.54
9,Logitech M705 - Draadloze Marathon Muis,33.99
10,"Webcam Cover - Privacy schuifje - Geschikt voor Macbook, Laptop en Tablet - Zwart - 3 stuks",1.95
11,WD Elements Portable 1 TB,49.99
12,Trust Ximo - Draadloos Toetsenbord en Muis - QWERTY,20.99
13,Universele Verstelbare & Opvouwbare Laptop Standaard - Anti slip - Aluminium,17.95
14,Canon PIXMA MG2555S - All-in-one Printer - Zwart,49.95
15,DELL KB216 toetsenbord USB QWERTY US International Zwart,22.99
16,NOVIGA webcam voor PC-Mac via USB met microfoon-perfect helder beeld!,40.0
17,TP-Link RE450 - wifi versterker - 1750 Mbps,54.95
18,Trust Spotlight Pro - Webcam,27.59
19,HP 301 - Inktcartridges / Zwart / Kleur / Dual-Pack,34.99
20,Corsair MM100 - Small - Gaming Muismat,9.95
21,TP-Link UB400 - Bluetooth-adapter - USB - Bluetooth 4.0,11.99
22,Trust GXT 130 Ranoo - Draadloze Gaming Muis / Zwart,21.99
23,HP 304XL - Inktcartridge / Zwart / Hoge capaciteit,28.0
24,Samsung LS24R350 - Full HD IPS Monitor - 24 inch,131.81
25,GXT 830 Avonn - Gaming Toetsenbord - QWERTY / Zwart,21.99
26,HP draadloze muis 200 - 1000 DPI - zwart,14.99
27,HP 304 - Inktcartridge / Zwart / Kleur / 2-Pack,23.75
28,SanDisk Ultra Flair 64GB USB 3.0 Flash Drive,12.19
29,Trust Ody - Stille Draadloos Toetsenbord en Muis - Qwerty,27.99
30,Samsung LS24R650 - Full HD IPS Monitor - 24 inch,169.95
31,Logitech MK270 - Draadloos Toetsenbord en Muis - Qwerty,36.99
32,Logitech B100 - Muis / Zwart,9.94
33,HP ENVY 6010 - All-in-One Printer,79.95
34,Voomy Gaming Muismat XXL - RGB LED Verlichting - Anti-Slip,19.95
35,Logitech M280 - Draadloze Muis - Zwart,24.99
36,HP 302 - Inktcartridge / Zwart / Kleur / 2-Pack,28.0
37,Trust Classicline - Toetsenbord - QWERTY,10.99
38,Laptop Standaard - Verstelbaar en Opvouwbaar - Aluminium Laptop en Tablet Houder met Opbergzakje,13.8
39,TechPro X10100,17.95
40,MMOBIEL 4 Port USB 3.0 Data Hub voor Macbook - Mac - iMac - PC - ZWART,9.49
41,Apple Magic QWERTY Keyboard - Bluetooth,89.9
42,HP DeskJet 2710 - All-in-One Printer,59.99
43,AOC 24G2U - Full HD IPS Gaming Monitor - 24 inch (144hz),199.0
44,Trust Verto - Draadloze Ergonomische Muis / Zwart,27.99
45,Toetsenbord Draadloos | Universeel keyboard Qwerty | Bluetooth 3.0  | PC/laptop/tablet| geschikt voor voor o.a. Apple macbook pro/air | Dell XPS | Lenovo | Microsoft Surface | IOS | Windows | HP | Chromebook | Ipad | laptop | zilver | A-KO,29.95
46,Canon PG-540/CL-541 - Inktcartridge / Zwart / Kleur,35.5
47,Canon PG-540/CL-541 - Inktcartridge / Zwart / Kleur,35.5
48,Karaoke Microfoon - Draadloos - Bluetooth Verbinding - Rosékleurig - Voor de gezelligste feestjes,10.0
49,Lenovo Ideapad S330 Chromebook 81JW0009MH - Chromebook - 14 Inch,229.08
50,TP-Link TL-PA4010P KIT - Powerline-adapter - Zonder wifi - 2 Stuks - NL,38.99
51,Logitech M185 - Draadloze Muis - Grijs,20.95
52,Logitech G502 HERO - Gaming Muis,59.99
53,Trust Exis - Webcam,17.9
54,TP-LINK TL-SG108 - Switch,22.99
55,Webcam full HD (1080p) - Met ingebouwde microfoon - Webcam voor PC - USB - Eenvoudige installatie - Autofocus - Webcamera - Op computer - Vergaderen - Werk & Thuis - School - Windows & Mac,34.0
56,Microsoft 365 Personal - Nederlands - 1 jaar abonnement (download),69.0
57,Logitech MK540 Advanced - Draadloze Toetsenbord en Muis - QWERTY - NL,53.0
58,Sandisk Cruzer Ultra | 64GB | USB 3.0A - USB Stick,11.19
59,WD Elements Portable 4 TB,89.0
60,"OviStand XL | Lichtgewicht Opvouwbare laptop Standaard | Verstelbare Ergonomische Notebook Stand | 138 gram en 2 mm dik | Asus, HP, ACER, Microsoft, Lenovo tot en met 15.6"" | Aluminium Laptop Steun voor Mobiel gebruik | Notebook Houder met Tasje",39.95
61,Canon PIXMA TS5150 - All-in-One Printer / Zwart,77.95
62,"Webcam voor PC HD 1080P | Ingebouwde microfoon| Mac, Windows, HP, Lenovo, Dell| USB2.0 aansluiting| 1920x1080 resolutie camera",28.95
63,Nexstand K2 laptop standaard - Zwart - Ergonomisch werken -  Verstelbaar in 8 standen - Makkelijk opvouwbaar,30.0
64,Logitech MK235 - Draadloos Toetsenbord en Muis - Qwerty,35.83
65,Apple Magic Mouse 2,77.99
66,HP ENVY Photo 6230 - All-in-One Fotoprinter,94.95
67,Seagate Game Drive PS4 & PS5 - 2TB,69.9
68,Bluetooth Receiver 4.1 Audio Music Streaming Adapter Receiver Handsfree Carkit & Thuisgebruik | MP3 Player 3.5mm AUX in Geweldige Geluidskwaliteit Stereo audio Output,4.69
69,HP 304 - Inktcartridge - Zwart,15.0
70,Case Logic LAPS116 - Laptop Sleeve - 15.6 inch / Zwart,20.9
71,TP-Link WA850RE - wifi versterker - 300 Mbps,17.63
72,Corsair K55 RGB - Qwerty - Membraan Gaming Toetsenbord,54.99
73,Xiaomi Mi Box S 8 GB Wi-Fi Zwart 4K Ultra HD,63.95
74,Canon PG-545/CL-546 - Inktcartridge / Zwart / Kleur,32.25
75,TP-Link TL-SF1005D - Switch,7.1
76,ASUS Chromebook C523NA-A20209 - Chromebook - 15.6 inch,269.0
77,TP-Link Deco E4 - Multiroom Wifi - Triple Pack / Wit,99.95
78,Muismat Quantore 230x190x6mm zwart,3.75
79,Logitech K360 - Draadloos Toetsenbord - QWERTY US,57.99
80,USB 3.0 Gigabit LAN Ethernet Adapter + 3 Poorts USB Hub,15.99
81,"Verstelbare Ergonomische Laptop/Notebook Standaard Universeel - Apple Macbook Pro/Air, iPad, Asus, HP, ACER, Microsoft, Lenovo, Windows - Tablet Steun Opvouwbare Stand - 13, 14 , 15, 16, 17 inch",14.05
82,Trust Tyro – Full HD Webcam,64.99
83,TP-Link Archer T3U - Wifi-Adapter,22.99
84,"Stekkerdoos 6-voudig - 1,5 meter - Met randaarde - Zwart",10.99
85,Logitech M220 Silent - Draadloze Muis - Grijs,22.99
86,Universele Webcam Cover - Dun En Goedkoop - Geschikt voor Smartphones/Macbook/Ipad - Privacy Protection Slider - Ultra-thin - 6 PACK,1.96
87,Google Chromecast 3 Smart TV-dongle Full HD HDMI Zwart,46.99
88,Lenovo Ideapad L340-15IRH 81LK0150MH - Gaming Laptop - 15.6 Inch,729.0
89,Logitech MX Keys - Draadloos toetsenbord met verlichting - QWERTY US International / Zwart,109.0
90,"Fellowes laptop standaard I-Spire Quick Lift 17 inch,  zwart",21.0
91,Netgear ProSAFE GS105E - Netwerk Switch - Smart managed,26.99
92,Trust Asto - Soundbar PC Speaker,28.12
93,HP 304XL - Inktcartridge / Kleur / Hoge capaciteit (N9K07AE),27.25
94,TP-Link Archer C50 - Router - 1200 Mbps,34.95
95,Speedlink Snappy Slim - USB Hub - 4 Poort - USB 2.0,10.8
96,AMD Quad Core Basics  | Game Computer PC,299.0
97,ASUS Chromebook C523NA-EJ0055 - Chromebook - 15.6 Inch,239.0
98,"USB multifuntionele kaart lezer Micro SD , SD , 4 in 1",4.08
99,Usb C Naar HDMI Adapter | USB-C HUB 4K | Type-c to HDMI converter |Thunderbolt 3 | Compatible Apple Macbook | Chromebook | IMAC | Surface | XPS | Dell | Lenovo | Samsung | HP |Spacegrey | A-KONIC©,17.95
100,Logitech C270 - HD Webcam,75.0
101,Logitech MX Master 3 - Draadloze Muis - Zwart,97.99
102,"MacBook Air oplader MagSafe 2 45w | A1436, A1465 en A1466 MacBook Air 11”/13” Adapter 45 watt Zedar®",26.99
103,HP 62 - Inktcartridge / Zwart / Kleur / Dual-Pack,39.99
104,Kingston DataTraveler 100 G3 32GB - USB-Stick / Zwart,7.99
105,Samsung LS27R650 - Full HD IPS Monitor - 27 inch,209.0
106,Sirius Choice - Universele Ergonomische Laptop Standaard 10-17’’inch - Verstelbaar - Laptop houder - Tablet Houder - Laptop Steun,24.99
107,Microsoft Office 2019 Home & Student - Eenmalige aankoop (download),144.99
108,Lenovo Chromebook Ideapad 3-11IGL05 82BA000RMH - Chromebook - 11.6 Inch,219.0
109,Apple MacBook Air 13 (2020) MWTJ2N/A - 13.3 inch - Intel Core i3 - 256 GB - Spacegrijs,1015.0
110,Kingston DataTraveler 100 G3 - USB-stick - 64 GB,9.39
111,Fellowes - Muismat Premium - Zwart,3.68
112,Logitech M330 Silent Plus - Black,29.0
113,AOC C27G1 - Full HD Curved VA Gaming Monitor  - 27 inch (144hz),229.0
114,Hama 30392 Stekkerdoos met Schakelaar Zwart,7.99
115,TP-Link Deco M5 - Multiroom WiFi systeem - Triple Pack,169.0
116,"Multimedia toetsenbord ""Rainbow"" met BackLight",15.03
117,Trust Siero - Stille compacte draadloze muis,14.99
118,Indoor IP Camera Pro - 1080P WIFI Smart Camera / Beveiligingscamera - HD Night Vision (nachtzicht) - Bewegingsdetectie – Spraakfunctie – Binnen camera WIFI– Slimme IP Camera - 360° draaibaar – Fisheye – Huisdier / Baby camera - Babyfoon - Monvelli,28.61
119,Case Logic LAPS113 - Laptop & MacBook Sleeve - 13.3 inch / Zwart,17.9
120,Logitech M185 - Draadloze Muis - Blauw,16.44
121,Stekkerdoos 6-voudig wit - 5 meter - Met randaarde en schakelaar - Witte stekkerdozen - Verlengsnoeren/verlengkabels,12.47
122,GXT 845 Tural - Gaming Toetsenbord & Muis - QWERTY / Zwart,29.99
123,Cleverdog Smart Wi-Fi security camera - met Night vision - Grijs,34.9
124,Toetsenbord en muis draadloos van Zedar®,19.99
125,Trust Verto - Ergonomische Muis / Zwart,16.99
126,Webcam voor PC - met Microfoon -Webcam - met USB - Full HD 1080P - Camera - Thuiswerken - voor Windows en Mac,24.75
127,Logitech K400 Plus - Draadloos Touch Toetsenbord - QWERTY US / Zwart,42.95
128,HP 304 - Inktcartridge / Kleur,15.0
129,Logitech C310 - HD Webcam,99.0
130,Case Logic LAPS114 - Laptop Sleeve - 14 inch / Zwart,17.9
131,ASUS TUF Gaming FX505GT-BQ166T - Gaming Laptop - 15.6 inch,749.0
132,Webcam Full HD - 1080p - USB Webcam met Microfoon - Webcam voor PC of Laptop -  Draaibaar - Zwart,17.59
133,HP 305XL - High Yield Black Original Ink Cartridge - Zwart,22.99
134,Seagate Expansion Portable - externe harde schijf - 4 TB,89.0
135,"BURKELY Michelle Dames Shopper - 13,3 inch Laptoptas - Cognac",65.0
136,SanDisk Ultra Flair Flash Drive | 128GB | USB 3.0A - USB Stick,20.99
137,Microsoft Wired 600 - Toetsenbord - Qwerty - Zwart,20.99
138,Canon PG-545 - Inktcartridge / Zwart,17.25
139,HP 302XL - Inktcartridge / Zwart,32.0
140,WD Elements Portable - Externe harde schijf - 2TB,75.95
141,Trust Halyx - 4-Port USB 3.2 Hub - 5 Gbps,23.99
142,Asus USB-BT400 - Bluetooth-adapter - USB - Bluetooth 4.0,15.84
143,Apple Macbook Air (2020) MWTL2 - 13.3 inch - Intel Core i3 - 256 GB - Rose Goud,999.0
144,Apple Magic Mouse 2 - Bluetooth Muis -  Spacegrijs,87.99
145,Seagate Expansion Portable 2TB - Externe harde schijf,67.9
146,Case Logic VNCI215 - Klassieke Laptoptas - 15.6 inch / Zwart,17.9
147,MSI Optix G241VC - 24'' Curved Gaming Monitor (75 Hz),169.0
148,Case Logic QHDC-101 - Harde Schijf Tas - 2.5 inch - Zwart,12.99
149,LG 29WL500 - Ultrawide IPS Monitor - 29 inch,229.99
150,Trust GXT 105 Izza -  Gaming Muis / Zwart,14.99
151,A-Konic© USB-C naar USB convertor | opzetstuk | office | USB 3.1 to USB C HUB | pc | laptop | USB C naar USB A female | telefoon | adapter |Surface | Dell | HP | Samsung | USB-A | Lenovo,9.95
152,Samsung LF24T400FHUXEN - Full HD IPS Monitor - 24 inch,139.0
153,LifeGoods Externe DVD Speler en Brander - DVD/CD Drive voor Laptop of Macbook - Data en Voeding Via USB 3.0 of USB C - Inclusief Beschermhoes en Kabel - Zwart,32.95
154,Samsung 860 EVO 500GB SSD,74.99
155,Trust GXT 232 Mantis - Microfoon - Gaming & Streaming - USB - Zwart - PS5 en Xbox Series X,35.99
156,Eastpak Out Of Office Rugzak 14 inch laptopvak - Black,45.19
157,Razer DeathAdder Essential – Optische Gaming Muis – 6400 DPI,38.95
158,HDMI-Splitter 2 Poorts | HDMI Splitter 1 ingang 2 uitgangen| 4K resolutie | Thuiswerken | Dupliceer je scherm | XZ Technologies© | HDMI Splitter 1 ingang - 2 Uitgangen,14.95
159,Trust Chat Headset,9.99
160,HP OfficeJet Pro 7740 - All-in-One Printer,297.7
161,Newstar FPMA-D550DBLACK - Monitorbeugel voor 2 schermen,54.99
162,TP-Link UE300 - Ethernet Adapter - USB 3.0 naar Gigabit,19.8
163,Wacom One by Small grafische tablet 2540 lpi 152 x 95 mm USB Zwart,45.89
164,3 in 1- Type-C USB- Card Reader/Writer,10.95
165,AOC C24G1 - Full HD Curved Gaming Monitor - 144hz - 24 inch,179.0
166,HP 17-by3740nd - Laptop - 17.3 Inch,749.0
167,Samsung LU28R550UQU - 4K IPS Monitor - 28 inch,301.15
168,HP 301XL - Inktcartridge / Zwart / Hoge Capaciteit (CH563EE) blisterverpakking,32.0
169,Muis draadloos ZDR X900 ZEDAR (Ergonomische draadloze muis laptop),24.99
170,TP-Link TL-WPA4220 KIT - AV600 - Wifi Powerline - 2 Stuks,51.97
171,HP EliteDisplay E243 - Full HD IPS Monitor - 24 inch,169.0
172,Canon PIXMA MG3650S - All-in-One Printer / Zwart,64.95
173,Trust Arys 2.0 - Speakerset - Zwart,26.99
174,MMOBIEL HDMI Switch - 3 In naar 1 Uit - 1080p - Full HD - Pigtail - Indicatie LED,8.49
175,"USB-C adapter voor Macbook met USB, HDMI, USB-C",9.19
176,LG 27GL63T Ultragear - Full HD IPS Gaming monitor - 144hz - 27 inch,259.0
177,Logitech MK220 - Draadloos Toetsenbord en Muis - Qwerty,28.99
178,Trendfield Draadloze Muis - Bluetooth Muis - Computermuis Draadloos met Stille Muis Klik - Zwart,16.99
179,Logitech G213 - Prodigy Gaming Toetsenbord - QWERTY US / Zwart,54.9
180,Speedlink Pure Desktop Voice - Microfoon - PC,11.95
181,USB 2.0 Naar Ethernet Adapter (RJ45) - 10/100Mbps,5.99
182,Trust GXT 758 Zwart Game-muismat,17.99
183,TP-Link RE650 - wifi versterker - 2600 Mbps,78.13
184,"Laptop Standaard - Tablet Standaard - Laptop Houder - Laptop Verhoger - Alle tot 17,6'' - Macbook, iPad, Boek, HP, ACER, Windows",27.95
185,Apple Magic Keyboard met numeriek toetsenblok Space Grey,139.0
186,Philips 273V7QJAB - Full HD IPS Monitor - 27 inch,158.95
187,Eastpak Back To Work Rugzak 15 inch laptopvak - Black Denim,42.0
188,Lenovo Ideapad 3 15IIL05 81WE00J4MH - Laptop - 15.6 Inch,599.0
189,Quantore Monitorstandaard - Tot 30 kg belastbaar - In hoogte verstelbaar - Zwart,14.6
190,Lenovo Ideapad Duet Chromebook CT-X636F ZA6F0027NL - Chromebook - 10.1 Inch,239.0
191,Microsoft Office 2019 Home & Student - Eenmalige aankoop - Alleen Geschikt voor Windows,59.95
192,Logitech M90 - Muis - Zwart,10.99
193,Netgear ProSAFE GS108E - Netwerk Switch - Smart managed,35.99
194,"Nedis Universele AC/DC-voedingsadapter - 3/4,5/5/6/7,5/9/12 V - 1 A - 12 W - 6 verwisselbare pluggen",13.49
195,Universele Verstelbare & Opvouwbare Laptop Standaard  Aluminium Stand - Zilver,10.73
196,"MacBook Pro Dock X met HDMI 4K, USB 3.0, USB-C, SD kaartlezers - Docking Station - Space Gray",29.95
197,"Basic Gaming PC (Ryzen 5 3600 4,2 Ghz, 16 GB DDR4 werkgeheugen, GTX 1650, 240GB SSD schijf en 1 TB HDD)",659.0
198,Lenovo Ideapad Slim 1-14AST-05 81VS006SMH - Laptop - 14 Inch,279.0
199,HP 303 - Inktcartridges / Zwart / Kleur / Dual-Pack,41.5
200,Samsung 860 EVO 250GB SSD,44.99
201,Gaming Muis | 6 knoppen | 6 kleuren | 3200 DPI | Zwart,9.95
202,TP-LINK TL-WN823N WLAN 300 Mbit/s,12.5
203,Logitech MK120 - Bedraad Toetsenbord en Muis - Qwerty,18.0
204,AVM FRITZ!Repeater 3000 - wifi versterker - 3000 Mbps,119.0
205,MMOBIEL High Speed 4 Ports 2.0 USB Hub - Multi Oplaadadapter - Aan/Uit Knop - Led Verlichting,7.99
206,"LOGITECH C270 HD Webcam - webcam voor pc of laptop - camera - webcam met microfoon - geschikt voor Zoom, Teams, Hangout - Autofocus -",75.0
207,HP DeskJet 2724 - Thermische inkjetprinter,55.64
208,Norton 360 Standard 2020 - 1 Apparaat - 1 Jaar - 10GB - Nederlands - Windows/MAC/Android/iOS Download,18.68
209,AVM FRITZ!Repeater 2400 - Wifi versterker - 2400 Mbps,74.95
210,Netgear ProSAFE GS105 - Netwerkswitch - Unmanaged - Desktop - 5 Gigabit Ethernet poorten,28.95
211,HP 62XL - Inktcartridge / Zwart / Hoge Capaciteit,38.5
212,Snowball iCE Plug & Play USB Streaming Microfoon,59.99
213,TP-LINK Deco M9 Plus - Multiroom wifi systeem - V2 - Triple Pack,299.0
214,Lenovo Ideapad 3 Chromebook 82C1000YMH - Chromebook - 14 Inch,259.0
215,Lenovo Chromebook Flex 3 11-IGL05 82BB0011MH - Chromebook - 11.6 Inch,319.0
216,Case2go - Webcam Cover - dun en eenvoudig te monteren - (9 stuks),4.95
217,Microsoft LifeCam Cinema - Zakelijk,69.95
218,Silvergear Gaming Toetsenbord met RGB LED Verlichting - QWERTY - Bedraad - Zwart,20.0
219,HP Wireless Keyboard K2500,34.95
220,"HP 953XL Origineel Zwart, Cyaan, Magenta, Geel Multipack",106.95
221,Logitech M185 - Draadloze Muis - Zwart met rode rand,20.9
222,HP 803181-L31 USB QWERTY US International Zwart toetsenbord,18.0
223,HP 305XL High Yield Tri-color Original Ink Cartridge - Drie kleuren,22.99
224,Karaoke Microfoon - Draadloos - Bluetooth Verbinding - Goudkleurig - Voor de gezelligste feestjes,14.49
225,Plug & Play Externe CD/DVD Combo Drive Speler Reader - USB 3.0 CD-Rom Disk Lezer & Brander,23.6
226,LG 27GL850 Ultragear - QHD Nano IPS Gaming Monitor - 144hz - 27 inch,469.0
227,"Slimline ""chocolate"" toetsenbord USB - Wit",21.9
228,Gembird MHS-U-001 - USB koptelefoon met microfoon,21.99
229,Sennheiser PC 2 - On-ear headset - Zwart,18.95
230,Webcam voor PC met USB en Microfoon - Full HD 1080P - Geschikt voor Windows en Mac - Zwart,31.41
231,Beveilgingscamera - Wifi Smart - Waterdicht - IP66 - Draai- en kantelbaar - 1080P,38.0
232,Dailygoods - Beamer - Projector- 3500 Lumen - LED - Mini beamer - HD,129.0
233,Logitech M235 - Draadloze Muis - Grijs/Zwart,24.95
234,Professionele Headset met Microfoon – Bluetooth Koptelefoon Draadloos met Laadstation,58.46
235,MSI Optix G24C4 - Full HD Curved Gaming Monitor - 144hz,209.0
236,Plug & Play Externe CD/DVD Combo Drive Speler Reader - USB 2.0 CD-Rom Disk Lezer & Brander,20.05
237,VB 61085 Tafelcontactdoos Pro 10-Voudig + RA 3M + Schakelaar,16.75
238,Trust Remo 2.0 - Speakerset - Zwart,16.99
239,Samsung 970 EVO M.2 1TB,127.9
240,AOC CQ32G1- QHD Curved Gaming Monitor - 144hz - 32 inch,329.0
241,WD Elements Portable 5 TB,104.9
242,SUPER Grote Muismat 90x40 | Gaming Muismat | Mousepad | Pro Muismat XXL | Antislip | Desktop Mat | Wereldkaart | Computer Mat,15.95
243,AOC Q27P1 - QHD IPS Monitor - 27 inch,219.0
244,ORIGINEEL adapter ASUS 45w 19v 2.37a voeding power,21.0
245,TechPro X20200 - HD video Webcam,22.95
246,Logitech C920 - HD Pro Webcam,189.68
247,AOC G2490VXA - Full HD VA Gaming Monitor - 144hz - 24 inch,159.0
248,Sandisk Cruzer Ultra | 16GB | USB 3.0 - USB Stick,7.49
249,USB 3.0 Male naar USB-C / Type-C 3.1 vrouwelijke connectoradapter,3.9
250,Omnistow - Handbagage rugzak - 51x33x20cm - Cabin approved backpack - Zwart,59.99
251,2K USB Webcam voor PC met Ingebouwde Microfoon en Webcam Cover - Full HD Web Camera - Webcam voor Laptop - Vergaderingscamera - Geen Drivers Nodig - Windows en Mac - 1440p,49.99
252,ASUS VivoBook 15 K512JP-BQ281T - Laptop - 15.6 Inch,899.0
253,"3-voudige contactdoos met randaarde, wit",7.3
254,Epson 29 - Inktcartridge / Zwart / Geel / Magenta / Cyaan,37.69
255,Apple Macbook Air (2020) MWTK2N/A - 13.3 inch - Intel Core i3 - 256 GB - Zilver,999.0
256,Canon PGI-570/CLI-571 - Inktcartridge / Zwart / Cyaan / Magenta / Geel,50.5
257,Ubiquiti Networks UAP-AC-PRO,139.95
258,TP-Link TL-WPA4220T KIT - Wifi Powerline - 3 Stuks,79.95
259,Silvergear Draadloos Toetsenbord met Gleuf voor Smartphone en Tablet  - QWERTY toetsen - Bluetooth,24.99
260,Philips 243V7QDSB - Full HD IPS Monitor - 24 inch,110.0
261,Logitech C922 - Pro Stream Webcam,199.0
262,"MacBook oplader 13 inch (MagSafe 2 60w) | A1435, A1425 en A1502 MacBook Pro 13” Adapter 60 watt Zedar®",26.99
263,HP Cartridge 301 - Inktcartridge - Zwart,17.96
264,Sennheiser PC 3 Chat - On-ear headset - Zwart,27.95
265,Case Logic QHDC-101 - Harde Schijf Tas - 2.5 inch - Rood,12.99
266,Logitech Z333 - Multimedia Speakers,57.99
267,Pro Webcam voor pc met microfoon – Autofocus - 1920x1080 FULLHD 30FPS - Windows & Mac - Webcam voor pc met usb,89.95
268,TP-LINK Archer C7 - Router - 1750 Mbps,62.48
269,Trust Themo - Draadloze Muis - Zwart,27.99
270,SWILIX ® Laptop Standaard - Laptophouder - Universeel Laptop Verhoger - Ergonomisch werken,37.95
271,Trust Leto 2.0 - Speakerset - Zwart,11.39
272,Wireless WiFi Versterker Stopcontact + Inclusief GRATIS Internetkabel - Wifi Signaalversterker - Ethernet - Wireless Range Extender- 300 mbps - 2.4 Ghz – Wit - GYMSTON,25.9
273,Universele laptop adapter / oplader 45W-65W-90W  - Asus - Acer-HP - Dell - Lenovo - Samsung - Sony - Zedar®,34.99
274,Ewent EW1510 flat panel bureau steun 32 inch - Bureausteun / Zwart,34.0
275,Corsair K68 RGB -  Qwerty - Cherry MX Red - Mechanisch Gaming Toetsenbord,117.99
276,My Wall muurbeugel voor schermen tot 42 inch / full motion (3 draaipunten),22.25
277,Asus Chromebook Flip C434TA-AI0029 - Chromebook - 14 Inch,399.0
278,Premium Stekkerdoos | Contactdoos met 6 USB poorten | Verdeeldoos | 1.60m Verlengsnoer voor naar het Stopcontact| Aan/Uitschakelaar | Geschikt voor Apple / Samsung / LG / Huawei / HTC | Zwart,18.19
279,SteelSeries QcK Gaming Muismat - Medium,12.99
280,"USB C Hub 3 in 1 | van USB-C naar HDMI, USB 3.0 & USB-C van ZEDAR®",16.99
281,Skooter PL Dino Wild One Rugzak - 6 l - Groen,14.95
282,Acer Swift 1 SF114-32-C7C0 - Laptop - 14 Inch,399.0
283,AOC U2879VF - 4K TN Gaming Monitor - 28 inch,243.37
284,Philips 242V8A - Full HD IPS Monitor - 24 inch,119.0
285,Brennenstuhl Eco-Line Stekkerdoos 8x,9.29
286,SanDisk Ultra Flair Flash Drive| 32GB | USB 3.0 A - USB Stick,9.39
287,Samsung T5 500GB Externe SSD - Blauw,89.0
288,HP 302 - Inktcartridge /  Zwart,18.29
289,Apple Macbook Pro (2020) MXK32 - 13.3 inch - Intel Core i5 - 256 GB - Spacegrijs,1388.0
290,Luxe Draadloze Muis Met 4 Knoppen - Ultraplat & Stil Design - Oplaadbaar - Windows PC/Laptop & Apple iMac/Macbook Compatibel - Instelbare DPI - Plug&Play - Wit,24.95
291,Jabra Evolve 40 MS Stereo Headset Hoofdband Zwart,84.95
292,LG 27UL850 - 4K USB-C IPS Monitor - 27 Inch,469.0
293,6 in 2 multifuctionele USB Type C Hub naar 2x USB 3.0 Poort + 2x USB C Poort + Micro SD / SD Kaartlezer – Macbook Pro – Thunderbolt | Macbook Pro USB C Hub - Spacegray,21.99
294,Beveiligingscamera - Voor huisdieren - WiFi - Beweeg en geluidsdetectie - Werkt met app - Wit,44.95
295,Ubiquiti Networks UAP-AC-LITE,89.0
296,Ewent EW3552 microfoon PC microphone Bedraad Zwart,28.99
297,Epson Expression Premium XP-6100 - All-in-One Printer,129.0
298,Canon PG-540 XL,28.0
299,"BURKELY Michelle Shopper - 13,3 inch Laptoptas - Zwart",65.0
300,HP 364XL - Inktcartridge / Zwart / Hoge Capaciteit,24.29
301,Philips 276E8VJSB - 4K IPS Monitor - 27 inch,284.95
302,Trust Carve - Optische USB Muis / Zwart,9.99
303,Dell P2419H  - Full HD IPS Monitor - 24 inch,174.95
304,"USB-C Hub, 3 in 1 Adapter | USB-C naar HDMI (4K), USB A en USB C Opladen | Type C To HDMI, USB 3.0 & Type-C Fast Charging Hub | Compatible Wth Apple Macbook Pro | Air | Chromebook | IMAC | XPS | Dell | Lenovo | Surface | Samsung | Zilver | A-KONIC©",20.95
305,Esperanza Perslucht 600ML Compressed Air Duster Spuitbus,11.48
306,Ubiquiti Networks UAP-AC-LR,99.99
307,Ubiquiti Networks UAP-AC-LR,99.99
308,Philips 271E1SCA - Full HD Curved VA Monitor - 27 inch,189.78
309,SUPER Grote Muismat 90x40 | Gaming Muismat | Mousepad | Pro Muismat XXL | Antislip | Desktop Mat | zwart | Computer Mat,15.95
310,LOGITECH C270 HD Webcam - webcam voor pc - camera - webcam met microfoon,75.0
311,Externe DVD/CD speler voor laptop of computer met USB aansluiting - zwart,19.47
312,Arctic Silver 5 3.5g heat sink compound,9.99
313,"Hama USB-3.0-multi-kaartlezer, SD/microSD/CF, zwart",12.75
314,HyperX Alloy FPS Pro Mechanisch Gaming Toetsenbord - QWERTY - Cherry MX Red - Zwart,71.9
315,Samsung 860 EVO 1TB SSD,129.99
316,HP Laptop 15s-fq1710nd - Laptop - 15.6 Inch,629.0
317,Logitech MK850 Performance - Draadloos Toetsenbord en Muis - QWERTY US International,99.95
318,Logitech MX Ergo - Draadloze Trackball Muis,77.99
319,Razer Huntsman Mini Mechanisch QWERTY Gaming Toetsenbord - Clicky Purple - Zwart,119.0
320,Webcam - FULL HD - 1080P - Webcam met standaard - Tripod webcam -  Computer - PC - Microfoon - Videobellen - Vergaderen -  Werk - Livestreamen - Windows - USB - HD - webcam met microfoon - zwart,46.95
321,SteelSeries QcK - Extended Gaming Muismat - XXL,39.99
322,Corsair Harpoon RGB Pro Gaming Muis - 12000 DPI - Zwart,29.49
323,Asus Chromebook C423NA-EB0350 - Chromebook - 14 Inch,239.0
324,Nintendo Wii naar HDMI Converter Adapter - Mangry,7.99
325,Technosmart Laptop Tafel - Verstelbaar - laptopstandaard zwart,28.99
326,Draadloze Ergonomische Muis- Verticale Muis- Anti Muisarm- Draadloze Gaming Muis- Bluetooth Muis,16.79
327,Adobe Photoshop Elements 2021 - Nederlands/Engels/Frans/Duits - Windows download,89.9
328,Logitech LGT-H110,27.0
329,HP 45W 19.5V 2.31A Smart PIN,22.37
330,HP 62XL- Inktcartridge / Kleur / Hoge Capaciteit,40.5
331,"MacBook 13"" oplader (MagSafe 1 60w) | A1184, A1344, A1330 MacBook Adapter 60 watt Zedar®",26.99
332,TP-Link TL-SG1005D - Switch,18.99
333,"Logitech C920 HD Pro webcam [USB2.0, 15MP 1920x1080 Full-lHD, H.264, Microphone, Black]",175.0
334,Case Logic Ibira - Laptop Sleeve - 14 inch / Zwart,16.99
335,Kingston A400 - Interne SSD - 240 GB,33.99
336,ASUS ROG G512LW-HN118T - Gaming Laptop - 15.6 inch,1499.0
337,Mini Bluetooth 4.0 USB Adapter Dongle - Audio Receiver + Transmitter,3.5
338,ASUS TUF Gaming FX505DT-BQ613T - Gaming Laptop - 15.6 inch,799.0
339,USB-C naar Ethernet | Internet LAN Netwerk Adapter | Netwerk Kabel met RJ45 Poort | XZ Technologies© | Thuiswerken | Compatible met Apple Macbook Pro / Air / iMac / Mac Mini / Google Chromebook / Windows Surface / HP / ASUS / Lenovo,14.87
340,Logitech M500 - Muis,32.99
341,RGB Gaming Toetsenbord - Mechanisch Toetsenbord 60% - Gaming Keyboard 18 verlichtingsmodi,64.99
342,Canon PGI-580/CLI-581 - Inkcartridge multipack / Zwart / Cyaan / Magenta / Geel,46.95
343,"Ergonomische Laptop Standaard - Met Telefoonhouder - Laptop Standaard - Verstelbaar - Macbook, Asus, HP - Vouwbaar - Draaibaar - Draaibare Laptopstand - Laptop Houder - Laptop Stand - Laptop Tafel - Tot 17 inch - Notebook Standaard - Laptop Verhoger",49.95
344,"LifeGoods USB Microfoon met Statief - Geschikt voor PC, Laptop, Playstation - Zwart",39.99
345,Apple TV - 4K - 64 GB - Wi-Fi Ethernet LAN - Zwart 4K Ultra HD,219.0
346,SteelSeries Apex 5 RGB Hyrbide Mechanisch Gaming Toetsenbord - Qwerty - Zwart,122.2
347,LG 32GK650F Ultragear - QHD VA Gaming Monitor - 144hz - 32 inch,299.0
348,G2G Portable - Externe harde schijf - 2TB - usb 3.0 - Externe harde schijf 2 TB - Windows - Mac - Linux - + GRATIS BESCHERMHOES,64.95
349,"USB-C hub zilver met HDMI (4K/30hz) voor Macbook , USB 3.0 & USB-CUSB-C hub zilver met HDMI, USB 3.0 & USB-C-LOUZIR",9.99
350,Canon PG-540XL/CL541XL - XL Inktcartridge / Zwart / Kleur,47.5
351,Logitech C930C Business Webcam Full HD 1080p + zoom webcamera,159.0
352,AMD Ryzen 3 3200G Budget Game Computer (Geschikt voor Fortnite),359.0
353,TP-Link Deco S4 - Multiroom Wifi - 3-pack,119.0
354,Draadloze Muis 2.4 Ghz - Ultra Dun - Met USB Aansluiting Zwart,7.99
355,Draadloos Toetsenbord - Wireless Keyboard - Bluetooth - Zilver,10.99
356,Microsoft LX-3000 LifeChat - Headset - Zwart,36.95
357,HP DeskJet Plus 4120 All in One Printer,74.89
358,TP-Link RE305 - wifi versterker - 1200 Mbps,41.22
359,2 Stuks Wireless Bluetooth Audio Receiver | Draadloze Ontvanger voor Auto & Speaker,5.27
360,Netgear GS305 - Netwerkswitch - V3,19.95
361,HP 303 - Inktcartridge / Zwart,19.99
362,Merah Webcam met gratis Lenskapje  ZWART met oranje- 1980x 1080 beeldschermresolutie- Webcam voor PC Camera Web Cam Camera cover Laptop USB Webcam - Webcam voor Computer - Microfoon - Werk & Thuis - Windows & Mac,31.96
363,Lenovo Ideapad 3 14IIL05 81WD00B6MH - Laptop - 14 Inch,569.0
364,Microsoft Wireless Mobile Muis 3500 - Zwart,26.99
365,Xiaomi BHR4269GL - QHD Curved Gaming Monitor - 34 inch,449.0
366,HP EliteDisplay E243m - Full HD Webcam IPS Monitor - 24'',229.0
367,AMD Gaming Pc Basics Quadcore  | Game Computer PC,299.0
368,Webcam voor Computer met Microfoon,17.25
369,Draadloos Toetsenbord - Wireless Keyboard - Bluetooth - Wit,19.95
370,HP ENVY Photo 7830 - All-in-One fotoprinter,169.95
371,TP-LINK EAP245,80.05
372,BenQ GL2780 - Full HD TN Gaming Monitor - 27 inch,169.0
373,HP Pavilion x360 14-dw0710nd - 2-in-1 Laptop - 14 Inch,699.0
374,Philips 223V5LHSB2 - Full HD Monitor (75Hz),89.0
375,ASUS VivoBook 14 X413FP-EB129T - Laptop - 14 Inch,679.0
376,3x Webcam Cover |Zowel voor Laptop als voor Smartphones |Camera Privacy Bescherming | 1 Pack Zwart,1.99
377,ASUS VivoBook 14 X413FP-EB129T - Laptop - 14 Inch,679.0
378,3x Webcam Cover |Zowel voor Laptop als voor Smartphones |Camera Privacy Bescherming | 1 Pack Zwart,1.99
379,HP LaserJet Pro MFP M28w - Laserprinter,139.0
380,SteelSeries Rival 3 RGB Optische Gaming Muis - 8500 CPI- Zwart,39.98
381,VITAMO 8-in-1 USB-C Hub Adapter - Compatible met Apple Macbook Pro / Air / iMac / Mac Mini / Google Chromebook / Windows / HP / ASUS / Lenovo - Type-C Kabel naar 4K UHD HDMI Converter - Ethernet - Thunderbolt 3 - USB 3.0,41.95
382,HP 950XL / 951XL - Inktcartridge / Zwart / Cyaan / Magenta / Geel / Hoge Capaciteit / 4-Pack,106.95
383,Samsung U28E590D - 4K Monitor,259.95
384,Säkert® – Monitor Arm – Monitor Beugel – Monitorarm – Monitor Standaard – Laptop Standaard – Monitorbeugel – Monitorstandaard – Monitor Arm 2 Schermen – Monitor Beugel 2 Schermen – Monitor Standaard 2 Schermen–Laptop Standaard Verstelbaar–Laptop Arm,79.95
385,Lenovo Yoga 2-in-1 Hybride (Refurbished) - 11.6 inch HD - Core M5 - 4GB - 128GB SSD - Windows 10,229.99
386,HP DeskJet 3760 - All-in-One Printer,67.95
387,Karaoke Microfoon - Draadloos - Bluetooth Verbinding - Roze - Voor de gezelligste feestjes,12.95
388,"HP 903XL Origineel Zwart, Cyaan, Magenta, Geel 4 stuk(s)",90.25
389,EZVIZ Husky Air - IP-beveiligingscamera - Full HD - Voor buiten - Wit,67.85
390,"INVISIBLE LAPTOP STAND | LAPTOP HOUDER | LAPTOP STANDAARD | OPVOUWBAAR | VERSTELBAAR | KANTOOR/LAPTOP ACCESSOIRE | MAX 15,6 INCH | GRIJS/GREY |",8.63
391,Sandisk Cruzer Ultra | 256GB | USB 3.0 - USB Stick,35.99
392,AVM FRITZ!WLAN 310 - wifi versterker - 300 Mbps,31.95
393,GXT 835 Azor - Gaming Toetsenbord - QWERTY US,29.99
394,Muismat blauw 6mm dik,4.25
395,Trust GXT 133 Locx  - Gaming Muis,16.99
396,Usb C Naar HDMI kabel / Adapter | USB-C HUB 4K | Type-c to HDMI converter |Voor Samsung -apple macbook-,14.99
397,HP 62 - Inktcartridge / Zwart,19.5
398,"Philips USB flash drive Snow Edition 128GB, USB2.0",16.99
399,PowerCube Extended Duo USB - 3 meter kabel - Wit/Grijs - 4 stopcontacten - 2 USB laders - NL\/DE (Type F),23.0
400,Gaming Keyboard Muis Sets K13 USB Bedraad 104 Toetsen Regenboog LED Backlit Multimedia Ergonomisch Gamer Toetsenbord + 2400 DPI 4 Knoppen Optical Game Muizen + Muismat voor PC Laptop,37.99
401,Apple Macbook Air 11.6 inch (Refurbished) - Intel Core i5-3317U - 4GB - 64GB SSD - macOS Catalina,459.0
402,Philips 245B1 - QHD IPS Monitor - 24 inch,191.36
403,HUMAX TV+ H3,24.95
404,Microsoft Office 2016 Home & Student - Windows - Nederlandstalig,64.0
405,2K webcam met 4k lens voor PC met  Microfoon & Webcam Cover - Werk & Thuis - Videobellen - USB - Zwart,39.95
406,HP Laptop 14s-dq1730nd - Laptop - 14 Inch,549.0
407,HP Pavilion 15-cs3722nd - Laptop - 15.6 Inch,1079.0
408,Denver IPO-2030 IP-beveiligingscamera Buiten Dome Muur 1920 x 1080 Pixels,112.74
409,Lenovo adapter 20V 2.25A 45W (4.0x1.7mm) voor Lenovo ADL45WCG ADLX45DLC3A,21.55
410,Karaoke Microfoon - Draadloos - Bluetooth Verbinding - Zwart - Voor de gezelligste feestjes,10.67
411,Lenovo Ideapad 5 15IIL05 81YK00DJMH - Laptop - 15.6 Inch,749.0
412,Seagate Backup Plus Slim - 2 TB - Zwart,74.99
413,Universele Laptop Standaard - Opvouwbaar - Inklapbaar - 7 tot 16 inch - Portable Houder voor Macbook/iPad/Laptop/Tablet/E-reader - Stand voor op Tafel/Bureau/Bed/Schoot,24.99
414,Universele Verstelbare & Opvouwbare Laptop Standaard  Aluminium Stand - Zilver,8.88
415,TP-LINK TL-WR841N - Router - 300 Mbps,23.89
416,ASUS TUF Gaming FX506IV-BQ123T - Gaming Laptop - 15.6 inch,1199.0
417,Trust Atlanta - Laptoptas - 17.3 inch / Zwart,15.29
418,TP-Link Archer C1200 - Router - 1200 Mbps,55.99
419,8-in-1 USB-C Hub Adapter - Compatible met Apple Macbook Pro / Air / iMac / Mac Mini / Google Chromebook / Windows Surface / HP / ASUS / Lenovo - Type-C Kabel naar 4K UHD HDMI Converter - LAN Gigabit Ethernet - Thunderbolt 3 - USB 3.0,28.98
420,LG 27UL500 - 4K IPS Monitor - 27 inch,279.0
421,Logitech C922 webcam 1920 x 1080 Pixels USB Zwart,197.0
422,"GXT877 Scarr - Gaming Toetsenbord - Mechanisch / Zwart, Metallic",54.99
423,HDMI Switch 3 - 1 met afstandsbediening,14.99
424,Epson Expression Home XP-2105 - All-in-One Printer,53.45
425,4 Ports Aluminium USB 3.0 High Speed Hub,11.61
426,Sandisk Cruzer Ultra | 32GB | USB 3.0 A - USB Stick,8.49
427,HP Chromebook 14a-na0061nd - Chromebook - 14 Inch,231.83
428,Ninzer® USB naar Internet / Ethernet LAN Netwerk Adapter - Zwart,15.95
429,Canon CL-541XL - Inktcartridge / Kleur / Hoge Capaciteit,23.25
430,LURK® Slim Verstelbare Ergonomische laptop/notebook standaard | Laptop / tablet houder opvouwbaar en verstelbaar - Universeel,32.95
431,HP DeskJet Plus 4110 - All-in-One Printer,69.95
432,Samsung T5 1TB Externe SSD - Zwart,149.0
433,AOC C27G2ZE - Curved VA Gaming Monitor - 240hz - 27 inch,289.0
434,Gembird CK-CAD-FL600-01 Spuitbus met perslucht (600ml),9.95
435,Bagbase Vintage Laptop Rugzak 18 Liter - Zwart-Zwart,28.45
436,Canon PG-545XL - Inktcartridge / Zwart / Hoge Capaciteit,25.0
437,Case Logic LAPS117 - Laptop Sleeve - 17.3 inch / Zwart,21.9
438,WD Elements Desktop - externe harde schijf -10 TB,189.0
439,Fujifilm Instax Mini Link - Dusky Pink,99.95
440,Jumalu webcam 1080P - voor PC camera en Laptop - Windows en Mac - Ingebouwde microfoon,18.95
441,Jotechs Webcam Deluxe Met Gratis Lenskapje - Webcam voor PC - 1920x1080 Pixels - Webcams - Camera Web Cam - Camera Laptop - USB Webcam - Webcam voor Computer - Microfoon - Werk & Thuis - Windows - Mac - Linux - Nieuw Model 2020,31.99
442,Apple Rain Design mStand f/ MacBook/MacBook Pro,49.9
443,Speedlink Atecs Soft - XXL - Gaming Muismat - Zwart,23.88
444,LG 27UL650 - 4K IPS Monitor - 27 inch,349.0
445,AOC 24P2C - Full HD USB-C IPS Monitor - 24 inch,179.0
446,Asus Chromebook Flip C434TA-AI0303 - Chromebook - 14 Inch,499.0
447,HDMI naar VGA Adapter - Male naar Female adapter - 1080P Full HD,5.12
448,Logitech M570 - Draadloze Trackball Muis,61.0
449,Philips 273V7QDSB - Full HD Monitor - 27 inch,149.0
450,Norton 360 Deluxe 2020 - 5 Apparaten - 1 Jaar - 50GB - Nederlands - Windows/MAC/Android/iOS Download,29.99
451,Devolo dLAN 550 Duo+ - Powerline zonder wifi - 2 Stuks - NL,66.95
452,Rapoo - 9100M - draadloos - toetsenbord - bluetooth - usb,34.99
453,HP 301 - Inktcartridge / Zwart / Kleur / 3-Pack,49.27
454,Lenovo Legion 5 81Y600HNMH Notebook - Laptop - 15.6 inch,1349.0
455,Epson WorkForce WF-2860DWF - All-In-One Printer (4-in-1),89.95
456,TP-Link TL-WPA4220 - AV600 WiFi Powerline,40.45
457,Samsung LS27R350 - Full HD IPS Monitor - 27 inch,156.6
458,TP-Link TL-PA4010 KIT - Powerline zonder wifi - 2 Stuks,38.99
459,Case Logic VNB217 - Laptop Rugzak - 17 Inch / Zwart,23.99
460,HP 303XL originele high-capacity zwarte inktcartridge,36.75
461,Trust Tecla 2 - Draadloos Toetsenbord en Muis - QWERTY,34.99
462,Epson Perfection V600 - Scanner,257.0
463,NOVIGA webcam Pro-voor PC-MAC met Cover - Autofocus en 5MP,49.0
464,Aukey PC-LM1 1080p Full HD Webcam met Autofocus,63.99
465,Xiaomi Mi Smart Projector mini,449.0
466,TP-Link TL-WPA8631 KIT - AV1300 Gigabit Passthrough Powerline ac Wi-Fi Kit,119.0
467,BenQ GL2480 - Full HD TN Gaming Monitor - 24 inch,117.0
468,"Trendfield Draadloos Toetsenbord Bluetooth Keyboard - Qwerty - Scissor - Stille Toetsen - voor Tablet, PC of Smartphone - Zwart/Grijs",39.95
469,TP-Link UH700 - Hub - 7 poort USB 3.0,36.0
470,Mini DisplayPort Naar HDMI Adapter | Mini DP Hub | Thunderbolt To HDMI converter |Thunderbolt 3 | Compatible Apple Macbook | IMAC | Surface Laptop / Pro | Dell | Lenovo | Samsung | HP | Wit | A-KONIC©,15.95
471,"Webcam Cover - Privacy schuifje - Geschikt voor Macbook, Laptop en Tablet - Zwart - 9 stuks",3.25
472,Jumalu HDMI switch - 3 in 1 HDMI splitter,7.99
473,QUVIO Laptop standaard van hout - Ergonomisch werken - Universeel - Laptop verhoger - Laptophouder - Laptop accessoire,32.95
474,Netwerk kabel splitter (RJ45/ISDN) - Zwart,2.99
475,Elianzo Webcam FULL HD 1080p 10 megapixel inclusief webcam cover - Webcam voor PC - USB met microfoon - Laptop - Computer - Mac - Windows - Werk & Thuis - Multifunctioneel - 1980 x 1080 Beeldschermresolutie,36.04
476,Tecknet USB-C naar Internet / Ethernet LAN Netwerk adapter - 10/100/1000Mbps - Zwart,24.99
477,AOC C24G2AE - Full HD Curved VA Gaming Monitor - 24 inch (165hz),179.0
478,HP Color LaserJet Pro MFP M283fdw - All-in-One Kleurenlaserprinter,364.26
479,Philips 345B1C - QHD Curved VA Monitor - 34 inch,429.0
480,HP 302XL - Inktcartridge / Kleur / Hoge Capaciteit,30.99
481,Trust GXT 930 Jacx - Gaming muis met RGB verlichting - 6400 dpi,22.99
482,Belkin Stekkerdoos met 6 uitgangen - overspanningsbeveiliging,22.99
483,Razer Goliathus Chroma Extended Gaming Muismat – Zwart,53.39
484,Canon PIXMA MG2550S - All-In-One A4 Inkjetprinter,49.99
485,Logitech M220 Silent - Draadloze Muis - Rood,22.99
486,TP-Link Archer T4U - Wifi-adapter,28.95
487,ASUS TUF Gaming FX506LH-BQ023T - Gaming Laptop - 15.6 inch,949.0
488,Vibox Gaming Desktop UK Family 2 - Game PC,679.95
489,SteelSeries Apex 3 RGB Membraan Gaming Toetsenbord - Qwerty - Zwart,77.54
490,Brother LC-223 - Inktcartridge / Zwart / Geel / Magenta / Cyaan,59.95
491,DELL KM636 toetsenbord RF Draadloos QWERTY US International Zwart,50.39
492,Thunderbolt naar hdmi adapter / kabel ( mini displayport naar hdmi ) van ZEDAR®,17.99
493,Google Nest Cam Indoor Beveiligingscamera,128.99
494,Norton Security Deluxe 5-Apparaten 1jaar 2020 - Antivirus inbegrepen - Windows | Mac | Android | iOS,34.5
495,ScreenON - Gaming Set Y24584-S1 (GamePC.Y24584 + 22 Inch Monitor + Toetsenbord + Muis),689.0
496,Tecknet tweerichtings HDMI Splitter switch 1-in-2-Out / 2-in-1-Out  | Ondersteunt 4K 3D 1080P HD | Plug & Play,27.99
497,Apple Macbook Pro (2019) Touch Bar MVVJ2 - 16 inch - Intel Core i7 - 512 GB - Spacegrijs,2461.0
498,MSI GL75 Leopard 10SER-269NL - Gaming Laptop - 17.3 Inch (144Hz),1349.0
499,HN® Verstelbare laptopstandaard met telefoonhouder | Ergonomische laptop tafel met anti-slip pads | Monitorstand met ventilerend ontwerp | Geschikt voor alle laptops 10-17 inch | Maximaal draagvermogen: 10kg,64.95
500,4 Poorts Usb Hub - USB Splitter 4 Poort Hub - USB 2.0 - 4 Poort Hub – Zwart,3.49
501,BECIO Universele Ergonomische Laptop Standaard 10-17 inch - Verstelbaar - Inclusief Muismat - Laptop Houder - Tablet Houder - Laptop Steun - Zwart,23.9
502,Logitech C505 - Webcam - HD Webcam,59.9
503,AOC 24P1 - Full HD IPS Monitor - 24 inch,158.95
504,Logitech MK710 - Draadloos Toetsenbord en Muis - Qwerty,89.99
505,Laptopstandaard - verstelbare Laptop Stand | Tablet standaard - Tripod - tot 15.6 inch 15 mm pootjes,16.88
506,Microsoft Ergonomisch Toetsenbord - Zwart - Qwerty,66.49
507,"Case Logic VNCI-217 Black notebooktas 43,9 cm (17.3'') Documententas Zwart",21.9
508,"QY Stereo headset, Koptelefoon met microfoon voor PC, Laptop, Gaming, Skype, PS4",26.95
509,Case2go - Webcam Cover - dun en eenvoudig te monteren - (3 stuks),2.72
510,Corsair MM300 - Extended Edition - Gaming Muismat,26.08
511,Philips CR7D5NB50 - CD-R 80Min - 700MB - Speed 52x - Spindle,14.45
512,A-Konic© USB C naar USB A adapter otg converter usb 3.0 usb c to usb verloopstuk | hub | kabel | phone/pc/tablet | compatible met Apple | macbook | Chromebook | Samsung | Dell | Lenovo | Surface | Huawei | Xiaomi | Asus | Windows | Android |,11.95
513,Wacom Intuos Small - Tekentablet,79.99
514,Anti Diefstal Waterdichte Rugzak Inclusief Usb Oplaadstation -14 t/m 15.6 inch - Zwart,39.95
515,TP-LINK TL-WN725N WLAN 150 Mbit/s,8.99
516,HP 14s-fq0710nd - Laptop - 14 Inch,279.0
517,Razer Viper Mini - Optische Gaming Muis - 8500 DPI - Zwart,49.99
518,PowerCube Extended Duo USB - 1.5 meter kabel - Wit/Grijs - 4 stopcontacten - 2 USB laders - NL\/DE (Type F),18.0
519,Asus C523NA-EJ0052 - Chromebook - 15.6 Inch,299.0
520,LifeGoods USB 3.0 Hub - 7 Poorten - 5Gbps - Externe Voeding - Blauw LED Licht - Zwart,39.95
521,Microsoft Comfort Desktop 5050 - Draadloos Toetsenbord en Muis,74.99
522,ASUS VivoBook 15 S512JA-BQ513T - Laptop - 15.6 Inch,557.62
523,LG 34WL500 - Full HD Ultrawide IPS Monitor - 34 inch,299.0
524,Lenovo IdeaPad 5 81YK00FKMH - Laptop - 15.6 Inch,829.0
525,Microsoft Surface Laptop Go (2020) - Intel Core i5 - 12.45 inch - 128 GB - Platinum,799.0
526,Lenovo IdeaPad Flex 5 82B80013MH - Chromebook - 13.3 Inch,329.0
527,HP 17-by2733nd - Laptop - 17.3 Inch,599.0
528,Canon PG-540 w/sec Origineel Zwart 1 stuk(s),19.0
529,Apple MacBook Pro (2019) Touch Bar MVVK2 - 16 inch - Intel Core i9 -1TB - Spacegrijs,2928.0
530,LG 24MK400H - Full HD TN Gaming Monitor - 24 inch,109.0
531,McAfee Total Protection - 12 maanden/1 apparaat - Nederlands - PC/Mac Download,16.95
532,Hama CD Tas - voor 104 cd's - Zwart,13.5
533,Iiyama G-Master G2530HSU-B1 - Gaming Monitor,129.0
534,Philips 272B8QJEB - QHD IPS Monitor - 27 inch,253.95
535,K30 Mechanisch Gaming Toetsenbord Bedraad - Game keyboard met kabel - Led RGB verlichting,26.99
536,"HP 303XL Origineel Zwart, Cyaan, Magenta, Geel 2 stuk(s)",68.0
537,Douxe DXM2 - Dubbele Monitor arm - Monitor Beugel voor 13-27 Inch - draai- en kantelbare en zwenkbaar - zwart,41.84
538,Sandisk Ultra Fit USB flash drive | 32 GB USB | USB 3.1A - USB Stick,9.29
539,MacBook Air oplader (type MagSafe 2 45w Hesker) | A1436 MacBook Air 11”/13” Adapter 45 watt,26.99
540,HP USB-C dock G5,139.0
541,A-Konic© set van 2 usb-c naar usb-a adapter OTG convertor USB 3.0 | 2 pack | USB C to USB verloopstuk| hub | kabel | phone/pc/tablet | compatible met Apple | macbook | Chromebook | Samsung | Dell | Lenovo | Surface | Huawei | Xiaomi,11.95
542,AMD Ryzen 7 2700X High-End RGB Game Computer / Gaming PC - GTX 1660 6GB - 16GB RAM - 512GB SSD (M2.0) - Win10 Pro,899.0
543,AOC Q27G2U - QHD Gaming Monitor - 27 Inch - 144hz,265.05
544,Bluetooth Audio Receiver Draadloos AUX naar Bluetooth Incl. Microfoon & 1 jaar GARANTIE,8.95
545,Trust Fyda - Comfort Muis / Zwart,16.99
546,Canon PG-510/CL-511 - Inktcartridge / Zwart / Kleur,34.5
547,Trust Ivero - Compacte Optische Muis - Zwart,8.49
548,3Dandprint 3D Pen Starterspakket Blauw - Inclusief 50 Meter Filament - 5 Stencils,34.99
549,Samsung Odyssey G5 C27G55TQWU - QHD Curved Gaming Monitor - 144hz - 27 inch,299.0
550,TP-Link TL-PA4022P KIT - Powerline-adapter / Wit,54.99
551,"HKC MR17S 17,3 inch HD Monitor HDMI en VGA",73.99
552,My Wall muurbeugel voor schermen tot 70 inch / full motion (3 draaipunten),35.49
553,ASUS adapter 2.37a 45w 19v adapter 4mm pin,21.21
554,MSI Infinite A 9SD-1005EU - Intel Core i7 (10th gen) - 16 GB - 1TB SSD - NVIDIA GeForce RTX 2070 SUPER - Game PC,1849.0
555,AOC CU34G2X - QHD Curved Gaming Monitor - 144hz - 34 Inch,479.0
556,Trust Bigfoot XL - Gel Muismat / Zwart,16.99
557,EXIN STEKKERDOOS 6VOUDIG RANDAARDE 1.5M 3X1 WIT,8.09
558,Externe DVD speler en brander Laptop & USB 3.0 – Super Snel – Plug & Play,24.95
559,BM800 USB Condensator Studio microfoon met Tripod Stand - Microfoon voor pc - Microfoon usb - ingebouwde geluidskaart van hoge kwaliteit - Zwart,34.89
560,Corsair M55 RGB Pro Gaming Muis - 12.400 DPI - Zwart,39.49
561,HP Pavilion 15-ec1747nd - Gaming Laptop - 15.6 Inch,949.0
562,Logitech Z120 - Stereo speakers,26.46
563,Premium Ergonomische Muismat Met Polssteun - Muismat Ergonomisch - Ergonomische Muismat Gel - Zwart,12.95
564,3 in 1 multifuctionele USB Type C Hub naar HDMI Adapter 4K + 1x USB 3.0 Poort + USB C PD (power delivery) – Macbook / Laptop / Surface / Smartphone – Thunderbolt USB - Spacegray,11.95
565,Sandisk Ultra Fit | 256GB | USB 3.1 Gen 1 - USB Stick,33.49
566,LifeGoods 7in1 USB C Hub - 3x USB 3.0 - 4K HDMI - USB-C Oplader - SD/TF Kaart - Power Delivery - Grijs,37.95
567,Qumax Pro Mini Beamer met HDMI kabel - Projector Beamer - Compact En Draagbare Beamer - Mini Projector - Ervaar De Ultieme Filmbeleving - 4000 lumen,124.95
568,Stekkerdoos - 6-voudig - Randaarde - 3 x 1 mm2 Vinylkabel - 5 meter - Wit,10.89
569,"BURKELY BY BOL.COM Bart Laptoptas - 15,6 inch - Cognac",59.0
570,HyperX QuadCast Streaming Microfoon - PS4/Windows/MAC - Rood,137.9
571,Blue Microphones Yeti Streaming Microfoon | Blackout,118.36
572,HP DeskJet 2720 All in One Printer,69.99
573,Iiyama G-Master GB2760QSU-B1 - Gaming Monitor,299.0
574,Evaire Webcam voor PC - Webcam Full HD 1080P - Ingebouwde microfoon - Resolutie (1980 x 1080) - Microfiber - Webcamera - Video bellen - Voor Windows en Android,29.95
575,Logitech G PRO - Draadloze eSports Gaming Muis - Pc,124.99
576,Cooler Master HTK-002 Thermal Grease Compound - Wit,5.05
577,Orico - 2.5 Inch SATA USB 3.0 Transparante Harde Schijf Behuizing - doorzichtig,12.25
578,Iiyama ProLite XB2783HSU-B3 - Full HD Monitor,179.0
579,TP-LINK M7200 - Mifi router,49.95
580,Bluetooth 3.0 Toetsenbord,10.29
581,Apple Magic toetsenbord -  QWERTY Engels Zilver/Wit,89.99
582,Hama HDMI Switch - 2 ingangen,18.0
583,MacBook Air 13 inch Hard Case - MacBook Air 2020 Case - MacBook Air 13 inch 2020 / 2019 / 2018 - MacBook Hoes - Transparant - iCall,19.95
584,HP 364XL - Inktcartridge / Zwart / Cyaan / Magenta / Geel / 4-pack / Hoge Capaciteit (N9J74AE),75.0
585,MMOBIEL Super Speed 7 Ports 3.0 USB hub - Multi Oplaadadapter - Aan/Uit Knop - Led Verlichting,14.99
586,SteelSeries QcK Heavy - Gaming Muismat - Large,29.99
587,Hama 00121906 3AC outlet(s) 230V 3m Zwart Overspanningsbeveiliging,9.14
588,WD My Cloud Home 4TB NAS,152.99
589,Google Chromecast met Google TV - 4K - Wit,117.49
590,Hama 35 in 1 USB 2.0 Multi Card Reader SD/CF/MS/xD/SM,10.89
591,"Ewent EW1512 flat panel bureau steun 68,6 cm (27'') Klem Zwart",44.29
592,Trust GXT 161 Disan - Draadloze RGB Gaming Muis - 3000 DPI / Zwart,26.99
593,Netgear GS108 - Netwerkswitch,32.95
594,Multimedia toetsenbord (zwart) met BackLight,14.95
595,Perzisch Tapijt Muismat - Invotis,14.9
596,ASUS TUF VG24VQ - Full HD Curved VA Gaming Monitor - 24 inch - 144hz,219.0
597,Devolo dLAN 550 - WiFi Powerline - 1 stuks - NL,69.95
598,Draadloos Toetsenbord - Wireless Keyboard - Bluetooth - Zilver,11.3
599,USB Bedraad K1000 Toetsenbord Mini Keyboard Universele Computer PC Toetsenborden - Zwart,14.99
600,SmileBeam - Mini Beamer - Full HD,59.0
601,Webcam - Full HD Webcam - Webcam Met Microfoon - Webcam voor PC - Webcam Cover - Webcam Tripod - Webcam USB - Ruisonderdrukking - Plug and Play - Webcam voor vergadering - Windows en Apple/Mac - Meeting - Skype - Conference - Zoom - Twitch,99.95
602,Lenovo Ideapad 3 81WD00B5MH - Laptop - 14 Inch,449.0
603,"8-in-1 USB-C Dock met stroomtoevoer - ben je direct voorzien om al je randapparatuur aan te sluiten - HDMI 4K, USB-C en 3x USB 3.0 - MacBook (Thunderbolt 3) en Laptops",49.99
604,AOC G2590VXQ - Full HD TN Gaming Monitor - 25 inch,129.0
605,Jabra Evolve 65 MS Stereo,141.95
606,Philips USB Flash Drive FM64FD70B 64GB - USB-Stick / Wit,14.4
607,BenQ EL2870UE - 4K TN Gaming Monitor - 28 inch,269.0
608,Canon PIXMA TR8550 - All-in-One Printer / Zwart,199.95
609,Microfoon voor PC Incl Microfoon Arm- Studio Microfoon met Arm- Gaming Microphone met USB- Gaming Microfoon met USB,39.96
610,Voomy Gaming Muismat XXL - RGB LED Verlichting - Anti-Slip,19.95
611,Wacom Intuos Pen & Bluetooth Medium - Tekentablet / Zwart,193.0
612,HP 302 - Inktcartridges / Zwart,19.1
613,Apple Macbook Pro Retina (Refurbished) - i7 Quad-Core - 16GB - 256GB SSD - 15.4inch - macOS Catalina,949.99
614,SteelSeries Apex Pro - Qwerty - Mechanisch Gaming Toetsenbord - RGB,229.99
615,Greenure laptop koeler - cooling pad - tot 17 inch,34.99
616,HP 903XL - Inktcartridge / Zwart / Hoge Capaciteit,35.25
617,Logitech K380 - Draadloze Toetsenbord - QWERTY - NL,50.0
618,AC Adapter (20V 2.25A) 45W,22.0
619,Monitorstandaard 42x24x13 cm spaanplaat zwart,25.99
620,Seagate Game-drive voor Xbox One 2TB,69.9
621,"Card Reader 4 in 1 Micro USB naar USB , SD en micro SD kaart reader",3.95
622,AULA S2016 RGB mechanisch gaming toetsenbord - qwerty - blue switch - 104 keys anti-ghosting game toetsenborden,52.99
623,Wacom Cintiq 16 - Tekentablet,549.0
624,Logitech G413 - Mechanisch Gaming Toetsenbord - QWERTY US international / Zwart,85.0
625,Norton 360 Deluxe 2020 - 5 Apparaten - 1 Jaar - 50GB - Nederlands - Windows/MAC/Android/iOS,29.99
626,Canon Pixma MG3650S - Zwart (WIFI Printer) + Cartridges: Zwartwit & Kleur,98.95
627,MSI Optix G27C4 - Full HD Curved Gaming Monitor (165 Hz),259.0
628,Silvergear Gaming Muis met RGB LED Verlichting - 800-6400DPI - Bedraad - Zwart,20.0
629,Iiyama ProLite X2783HSU-B3 - Full HD Monitor,149.0
630,"Draadloze toetsenbord muis HK8100 Wireless Keyboard + 2,4 GHz muis met 4 knoppen",24.99
631,HP Z3700 - Draadloze muis / Zwart,17.79
632,Denver SHO-110 - Camera beveiliging - Smart Home Solutions - Outdoor Camera - met nachtzicht en bewegingsdetectie - Wit,44.0
633,Philips 498P9 - Dual QHD Curved Ultrawide Monitor - 49 inch,799.0
634,Brother MFC-L2710DW - Draadloze All-in-One Laserprinter (Zwart-Wit),168.27
635,"TravelMore Daily Carry Backpack - 15,6 inch Laptop Rugzak - Dames/Heren - 28L - Waterafstotend - Zwart",34.99
636,HP 303XL - Inktcartridge / Kleur / Hoge Capaciteit,36.5
637,Logitech USB Unifying Receiver USB-ontvanger,20.68
638,Acer Aspire XC-886 I5811 - Desktop,599.0
639,Case Logic Huxton - Laptop Sleeve - 15.6 inch / Zwart,21.9
640,Logitech MX Master 3 for Business 3 - Draadloze Muis - Diep Zwart,97.99
641,TP-Link TL-SG1016D - Netwerk Switch - Unmanaged,55.99
642,MSI GE66 10SF-268NL - Gaming Laptop - 15 inch (240Hz),1899.0
643,HP EliteDisplay E273 - Full HD IPS Monitor - 27 inch,239.0
644,AUKEY USB C Hub HDMI Poort ( 4k ) 4x 3.0 USB,9.0
645,LOUZR iPad Air / Air 2 Bluetooth Keyboard Case Toetsenbordhoes - Zwart,21.88
646,Philips 245E1S - QHD IPS Monitor - 24 inch,169.0
647,Logitech MX Master 3 voor Mac - Muis,87.09
648,Samsung LF24T650FYU - Full HD IPS Monitor - 24 inch,188.0
649,AOC 24B1XH - Full HD IPS Monitor - 24 inch,91.08
650,HDMI 4K & Full HD Switch Splitter - 3 poorts HUB,8.95
651,Logitech MX Keys voor Mac - Toetsenbord - QWERTY - US International,87.09
652,Trust GXT 940 Xidon – Gaming muis met instelbare RGB verlichting – 10.000 dpi,29.99
653,Lenovo Yoga Slim 7 82A200AAMH - Laptop - 14 Inch,849.0
654,Elianzo Webcam FULL HD 1080p 10 megapixel inclusief webcam cover - Webcam voor PC - USB met microfoon - Laptop - Computer - Mac - Windows - Werk & Thuis - Multifunctioneel - 1980 x 1080 Beeldschermresolutie,27.5
655,Usb C Naar HDMI Adapter | USB-C HUB 4K  | Type-c to HDMI converter | Apple | Macbook Air/Pro | Microsoft Surface Laptop 3 | XPS | Samsung | Silver | A-KONIC©,15.95
656,"Bluetooth Muis Draadloos voor Laptop, PC en Mac – Zwart - Silent Klik",29.95
657,Michael & May® - Laptopstandaard – Laptopstand – Laptophouder – Laptop Steun – Tablet Houder – Tablet Standaard – Boekensteun – Boekenstandaard – Boekenhouder – Laptopverhoger – Macbook Standaard – iPad Standaard – Aluminium – Zilver,44.9
658,TOP SHELF ® | Micro-USB naar USB-C adapter |  Zwart | 1 stuk,2.49
659,TOP SHELF ® | Micro-USB naar USB-C adapter |  Zwart | 1 stuk,2.49
660,Ledger Nano S - Hardware wallet voor Bitcoin en Cryptocurrency,60.0
661,AOC 27B2H - Full HD IPS Monitor - 27 inch,132.05
662,Netgear GS308E 8-PORT Gigabit Ethernet Switch,39.95
663,Office Headset met Microfoon Stereo | Verstelbare Kantoor Headset Microfoon | Koptelefoon met Microfoon voor PC Bedraad | headset met microfoon voor pc | headset met microfoon voor laptop | headset bedraad microfoon,23.95
664,TP-Link Archer C6 - Router - 1200 Mbps,46.99
665,Trust GXT 252 Emita Plus - Studio Microfoon met Arm - Gaming - USB - Zwart - PS5 en Xbox Series X,106.99
666,"HP adapter blue pin 65W 19,5V/3,33A (4,5 x 3,0mm)",22.0
667,Logitech MX Anywhere 2S - Draadloze Muis - Grijs,64.99
668,Case Logic LAPS111 - Laptop Sleeve - 11.6 inch / Zwart,16.79
669,Stekkerdoos 3-voudig wit - 3 meter - Met randaarde - Witte stekkerdozen - Verlengsnoeren/verlengkabels,7.11
670,Newstar LCD/CRT monitor standaard,21.34
671,Asus VivoBook Flip TP401MA-BZ217TS - 2-in-1 Laptop - 14 Inch,349.0
672,Medium Game PC - Ryzen 5 3400G - 16GB DDR4 - GeForce GT 1650 4GB GDDR5 - 120GB SSD + 1TB HDD,564.95
673,Logitech M220 Silent - Draadloze Muis - Blauw,22.99
674,HP Laptop 15s-fq1720nd - Laptop - 15.6 Inch,649.0
675,Lenovo IdeaPad Flex 3 82B2003AMH - 2-in-1 Laptop - 11.6inch,379.0
676,Universeel Draadloos Opvouwbaar / Inklapbaar Toetsenbord met Touchpad - Inclusief Draagtas - Bluetooth Keyboard - Voor Tablet / (Windows) PC / Apple Mac - iPad - Samsung - iPhone - Macbook - iMac / Android - QWERTY - Opvouwbaar - Zwart,29.99
677,Lenovo Ideapad 3 15IML05 81WB00GNMH - Laptop - 15.6 Inch,649.0
678,Philips NeoPix Ultra Full HD beamer,299.0
679,HP 303 - Inktcartridge / Kleur,25.5
680,Lenovo Ideapad Flex 3 Chromebook 82BB0013MH - Chromebook - 11.6 Inch,319.0
681,FOREXA Webcam voor PC en Laptop met Gratis Tripod en Privacybescherming – Ingebouwde Microfoon – Full HD 1080P – Geschikt voor Windows/Mac OS/Android/Linux – Zoom/Microsoft Teams/Skype – USB Plug and Play – Zwart,69.99
682,Samsung C24RG50FQU - Curved Gaming Monitor (144Hz),179.95
683,Netwerk Tester Set in etui- RJ45/RJ12/RJ11/Cat5/Cat5e/Cat6/UTP/LAN - Kabeltester Met Krimptang & LSA tang,22.14
684,Logitech Z207 - Bluetooth Computerspeakers - Zwart,41.99
685,Epson 502 - Inktcartridge / Multipack,38.75
686,Professionele Clip-On Smartphone Microfoon - iPhone - Android - Windowsphone - Laptop - PC,3.49
687,Ultra dun aluminium webcamcover - 3-pack - zwart,6.95
688,Kingston A400 - Interne SSD - 480 GB,61.59
689,"DELTACO GAM-040, (Gaming) Dual monitor desk mount, standaard beugel voor montage 2 13""-32"" monitoren aan een bureau of tafel, VESA 75x75, VESA 100x100, kantelbaar en zwenkbaar, zwart",43.5
690,Microsoft Wireless Desktop 900 - Draadloos Toetsenbord en Muis - QWERTY,42.99
691,Iiyama ProLite XUB2492HSU-B1 - Full HD IPS Monitor,149.0
692,Razer DeathAdder V2 Gaming Muis - 20000 DPI - Zwart,79.95
693,Stekkerdoos 6-voudig met aparte schakelaars Renkforce 615B-CMW-S,16.0
694,KURVER REKTANGLER - Ergonomische Laptop Standaard 12-19’’inch - Laptop Houder - Thuiswerken en op kantoor - Demontabel - Geschikt voor Macbook & Laptops - Eikenhout - Universeel,22.99
695,Allteq - Bedraad toetsenbord - Zwart,13.25
696,"Gaming Keyboard Qwerty, USB, Mechanisch – Wit Game Toetsenbord Met Muis - Muis En Toetsenbord Met Led Verlichting - Gaming Accessoires - 6 Kleuren Led Verlichting – Spatwaterdicht",31.95
697,Epson Multipack 4-colours 603 Ink,37.5
698,LOUZIR USB 3.0 Gigabit Ethernet Adapter - Gigabit Ethernet Hub - RJ45/Internet/LAN/Netwerk Adapter - Voor Windows – Voor Apple Mac/Macbook,9.88
699,Epson WorkForce WF-2850DWF - All-in-One Printer,89.95
700,ASUS ROG G712LV-EV081T - Gaming Laptop - 17.3 inch,1499.0
701,SteelSeries Apex Pro - Qwerty - TKL Mechanisch Gaming Toetsenbord - RGB,197.0
702,Kikkerland Mini karaoke microfoon voor smartphones - Zilver - 9x3x16cm,9.99
703,Draadloze desktop set,21.05
704,Samsung LC32F391FWU - Curved Full HD Monitor 32 inch,219.0
705,Apple Magic Keyboard met numeriek toetsenblok - Zilver,139.0
706,CMK188 Rainbow LED verlichting gaming toetsenbord en muis combinatie,24.99
707,Mini Beamer Full HD 1080P - Mini Projector Led - Draagbare Pocket Beamer - Portable - Presentaties / Films / Games- Mini beamer - Kleine Beamer - Beamer voor onderweg - Projector - HDMI Beamer - Mini Projector - Falien,52.71
708,Canon CanoScan LiDE 300 2400 x 2400 DPI Flatbed scanner Zwart A4,69.95
709,Dailygoods Beamer - 5000 Lumen - Full HD - Projector - Android versie - WIFI,149.0
710,HP 301XL - Inktcartridge / Kleur / Hoge Capaciteit,33.75
711,Lenovo Ideapad Slim 1 81VS006QMH - Laptop - 14 Inch,214.07
712,HP Chromebook x360 14b-ca0500nd  - Chromebook - 14 Inch,429.0
713,Corsair MM200 - Extended Edition - Cloth Gaming Muismat,32.99
714,Apple TV 32 GB 4e generatie - 2015,159.0
715,Lenovo AC adapter 65W Square + netsnoer,20.0
716,MXQ Pro Android Tv Box 4K / Met Kodi 17,27.99
717,EZVIZ C2C 1080P (Mini O Plus) - IP-beveiligingscamera - Full HD - Voor binnen,47.99
718,SanDisk Cruzer Blade | 64 GB | USB 2.0 A - USB-stick,11.25
719,Seagate Expansion Portable - Externe harde schijf - 5TB,107.99
720,Webcam Cover (1 Pack) - Dun En Goedkoop - Voor Laptop Telefoon Tablet - Privacy Protection Sticker - Schuif - Slide,1.95
721,USB Cardreader met USB-A connector en 2 kaartsleuven - voor (Micro) SD/SDHC/SDXC/MMC/TF - USB3.0,4.49
722,Philips 275E2FAE - QHD IPS Monitor - 27 inch,249.0
723,LG 32UK550 - 4K VA Gaming Monitor - 32 inch,348.8
724,Trust Primo - Draadloze Mini Muis - Zwart,10.99
725,Seagate Barracuda ST2000DM008 interne harde schijf 3.5'' 2TB SATA III,65.95
726,Zazitec zt-ca001 webcam met microfoon,14.95
727,Razer Basilisk X HyperSpeed Draadloze Gaming Muis - 16000 DPI - Zwart,69.99
728,OviStand L | Lichtgewicht Opvouwbare Laptop Standaard voor Apple MacBook & iPad 12.9 Pro | Verstelbare Ergonomische Notebook/Tablet Stand | Aluminium Notebook/iPad Standaard 117 gr,38.95
729,iiyama XUB2493HSU-B1 - Full HD IPS Monitor - 24 inch,157.0
730,AOC Gaming C32G1 - Full HD Curved Gaming Monitor - 144hz - 32 inch,263.95
731,"▶ Skate stickers - 100 stuks - Stickers Skateboard - Stickers volwassenen - Stickers voor het pimpen van je laptop, fiets, skateboard, helm, snowboard, agenda, MacBook, koffer, Nintendo, wat je maar wil! Kortom Stickers volwassenen en kinderen",7.5
732,Webcam - Op computer - Webcam voor pc - Webcamera - Vergaderen - Werk & Thuis - USB - Microfoon - Windows & Mac,29.95
733,Google Nest Cam Outdoor Beveiligingscamera,209.0
734,HP 304 - Inktcartridge / Zwart / Blister,16.0
735,Trust GXT 101 Gav - Gaming Muis - Zwart,12.99
736,Samsung Odyssey G9 C49G95T - QLED Curved Gaming Monitor - 49 inch,1499.0
737,Sandisk Ultra Dual Drive Go USB flash drive 64 GB USB Type-A / USB Type-C 3.2 Gen 1 (3.1 Gen 1) Zwart,16.29
738,Exin Stekkerdoos 3-voudig 1.5 meter zwart,7.99
739,Case Logic Ibira - Laptophoes - 15.6 inch / Donkerblauw,16.79
740,Rapoo 9300M - Draadloos Toetsenbord en Muis - RF+Bluetooth,39.99
741,HP ENVY 17-cg0720nd - Laptop - 17.3 Inch,1099.0
742,HP 62 - Inktcartridge Zwart / Kleur / 2-Pack,41.88
743,Acer Aspire 3 A315-57G-571E - Laptop - 15.6 Inch,599.0
744,Steelseries QcK - Gaming Muismat - Medium,14.99
745,Draadloze WiFi Versterker Stopcontact + Inclusief GRATIS Internetkabel - Wifi Signaalversterker - Ethernet - Wireless Range Extender - 2.4 Ghz - 300 mbps - Wit - STATCH,24.95
746,SteelSeries QcK Prism - Cloth Gaming Muismat - XL,59.99
747,"Universele Verstelbare & Opvouwbare Laptop Standaard | Laptop, Tablet, E-Reader & Boek | Aluminium Stand",11.91
748,Acer Chromebook 314 CB314-1H-C5XM - Chromebook - 14 Inch,279.0
749,Kingston DataTraveler SE9  - USB-stick - 16 GB,7.99
750,HP 953XL - 3HZ52AE Originele BCMY Multipack,106.95
751,Gaming Muismat XXL 30X80CM -  RGB LED Verlichting Muismat - Anti-Slip - Waterproof - Extra Breed en Lang - Zwart - Muismat - Zacht - Muismat LED,19.95
752,Ring Indoor Cam - Beveiligingscamera - Wit,59.0
753,Google Nest WiFi Router en WiFi Punt - Multiroom WiFi Systeem / Wit,239.0
754,HP 14s-fq0700nd - Laptop - 14 Inch,349.0
755,HP 14s-fq0700nd - Laptop - 14 Inch,349.0
756,Epson Perfection V39,84.95
757,BenQ GW2283 - Full HD IPS Monitor - 22 inch,99.09
758,USB-C naar USB-A adapter OTG Converter USB 3.0,1.83
759,USB 2.0 Hub 4 poorten USB Splitter OTG Adapter - 1 Meter kabel - Zwart,12.95
760,Toetsenbord Draadloos | universeel keyboard QWERTY | Bluetooth 3.0 | + Numeriek | PC/laptop/tablet| geschikt voor voor o.a. Apple Macbook Pro/Air | Dell XPS | Lenovo | Microsoft Surface | IOS | Windows | HP | Chromebook | Ipad | Laptop,49.95
761,Mossmedia HD Webcam - 1080p - Geschikt voor Thuiswerken - Zwart,39.99
762,HP 364 - Inktcartridge / Zwart,14.25
763,iiyama ProLite XUB2792HSU-W1 - Full HD IPS Monitor - 27 inch,189.0
764,Samsung 870 QVO - 2.5 inch Interne SSD - 1TB,99.9
765,Camera | mini camera | beveiligingscamera | verborgen camera | wifi spy camera | 1080P incl. gratis SD kaart (32GB),33.75
766,Draadloos Toetsenbord - Wireless Keyboard - Bluetooth - Zwart,13.03
767,Set van 3 verloop adapter MICRO USB-adapter naar USB-C - Opzetstuk - Micro-USB to USB C Converter - Zwart - oDaani,5.95
768,Apple Rain Design mStand f/ MacBook/MacBook Pro/ Laptop,49.99
769,USB splitter | USB hub |  Hoge snelheid 5 Gbps 4 Poorten USB 2.0 HUB | Draagbare aluminium USB-splitter | Ondersteuning 2TB,13.95
770,Arduino starter kit,82.99
771,Trust Verro - Ergonomische Draadloze muis - Zwart,22.89
772,Lovidia Grafische Teken Tablet - PC en Telefoon - 5080 lpi - 210 x 140 mm - Sapphire Blue,59.95
773,USB Webcam voor PC met Microfoon I Full HD wide-angle Camera met hoge resolutie,28.84
774,ASUS RT-AX88U - Router / AX / Wifi 6 - 6000 Mbps,319.0
775,HP Pavilion x360 14-dh1710nd - 2-in-1 Laptop - 14 Inch,749.0
776,Alcohol  Doekjes - Alkotip - 70% Isopropylalkohol - 100 x doekjes  - Los verpakt |,4.19
777,Logitech MX Master 3 - Draadloze Muis - Grijs,97.99
778,Trust Mydo - Stille Draadloze Muis - Blauw,13.99
779,Case Logic LAPS114 - Laptop Sleeve - 14 inch / Grijs,17.9
780,TP-Link TL-SF1008D - Switch,13.99
781,"Corsair CSSD-BRKT1 2,5 inch naar 3,5 inch bracket - inclusief schroeven",7.39
782,Universele Ergonomische Laptop Standaard 7-13’’ inch - Laptop Stand - Voor Thuiswerken en op Kantoor - Laptop steun - Tablet Houder/Standaard - Geschikt voor Macbook/Laptops/IPad/Tablets/Notebook/E-Reader - Boekenstandaard - Zwart,23.95
783,"Nedis HDD behuizing voor 3,5'' SATA HDD - USB3.0 (USB-A) / aluminium",18.5
784,Stekkerdoos 4-voudig wit - 3 meter - Met randaarde en schakelaar - Witte stekkerdozen - Verlengsnoeren/verlengkabels,7.91
785,Beveiligingscamera - 1080P - Incl. nachtzicht -  IP66 - 4x zoom,46.0
786,USB-C adapter voor MacBook (Thunderbolt 3) met 4K HDMI & VGA en 7 andere poorten voor elke situatie - 9 in 1 USB-C Adapter Pro,63.95
787,ASUS ZenScreen MB16ACE - Full HD USB-C IPS Portable IPS Monitor - 15 Inch,219.0
788,Logitech StreamCam webcam via USB-C | Zwart,169.0
789,Webcam Cover - Zwart - 6 stuks,2.93
790,devolo Magic 2 WiFi next Multiroom Kit (NL),259.0
791,Tigernu Laptop rugzak anti diefstal Business II Laptopvak tot 17 inch - Grijs,49.95
792,Canon Zoemini - Mobiele Fotoprinter - 10 sheets - Roze,129.0
793,"Gembird GHS-402 - Gaming headset met microfoon, glossy zwart",13.95
794,Apple Macbook Air (2020) MVH22N/A - 13.3 inch - Intel Core i5 - 512 GB opslag -  Spacegrijs,1319.0
795,AMD Ryzen 3 3200G Budget Game Computer V.2 / Gaming PC LSE2200 - RX Vega 8 - 8GB DDR4 2666 RAM + 1TB HDD - Windows 10,419.0
796,TP-LINK Archer AX50 - Router / AX / Wifi 6 - 3000 Mbps,143.84
797,Dell P2719H - Full HD IPS Monitor - 27 inch,209.0
798,Vasco 905B eID kaartlezer met staander - geschikt voor alle Belgische eID kaarten,20.0
799,PeriPage Pocket Printer | Mini Printer | Inclusief Papier - Wit,59.95
800,Xiaomi Mi Home Security Cam 360 1080P,39.99
801,Creality 3D Ender-3 PRO 3D printer,229.99
802,Logitech G502 LIGHTSPEED - Draadloze Gaming Muis,119.0
803,"INKTDL inktcartridges voor Canon PGI-570XL / CLI-571XL | Multipack van 5 inktcartridges voor Pixma MG5700, MG5750, MG5751, MG5752, MG5753, MG6800, MG6850, MG6851, MG6852, MG6853, MG7750, MG7751, TS5050, TS5051, TS5053, TS5055, TS6050, TS8050, TS9050",18.95
804,IP Camera | Met NightVision | Via Smartphone bestuurbaar en geluidsopname | CCTV / Beveiligingscamera,45.0
805,LaCie Rugged USB-C 1TB Mobile Drive,84.99
806,HP EliteDisplay E243i - WUXGA IPS Monitor - 24 inch,199.0
807,MacBook Pro Oplader Magsafe 2 85w | A1424 MacBook Pro 15” Adapter 85 watt  Zedar®,26.99
808,4 Poort Multi USB 2.0 Hub Splitter Verdeler Switch - Voor Laptop / Apple Mac / Macbook & Windows - Met LED Verlichting,5.06
809,Ubiquiti UniFi Switch 60W PoE - Managed Switch,117.0
810,Lenovo Ideapad 3 17IML 81WC0071MH - Laptop - 17.3 Inch,649.0
811,Trust GXT 629 Tytan - 2.1 RGB Speaker / Zwart,74.99
812,Case Logic Huxton - Laptop Sleeve - 13.3 inch / Zwart,21.9
813,Philips 272E1CA - Full HD Curved Monitor - 27 inch,179.95
814,ViveGrace Laptop Standaard - Tablet Houder - Inklapbaar en Verstelbaar - Zilver,49.95
815,Newstar FPMA-D550BLACK Monitorbeugel,46.47
816,Samsung LC27R500FHUXEN - Curved Monitor - 27 inch,169.0
817,Dapoda® - Condensator Studio microfoon met Arm Schuimhoes - Schokdemping Popfilter en Geluidskaart - Microfoon voor PC,39.95
818,HP 15-dw1017nd - Laptop - 15.6 Inch,799.0
819,Philips 278E1A - 4K IPS Monitor - 27 inch,289.0
820,TP-Link TL-WPA4226 KIT - Wifi Powerline - 2 Stuks - NL,69.95
821,TP-LINK M7350 - Mifi router,79.95
822,Razer Naga Trinity - MMO/MOBA Gaming Muis - 16000 DPI - Zwart,89.99
823,"HKC AIO24P1-64Gb All-in-One-PC 24 inch Full HD - 4 Gb RAM, 64 Gb SSD,Intel® Celeron Processor N4000 Dual Core 2.6GHz, Intel® UHD Graphics 600, Windows 10 Home, WiFi, Bluetooth, USB, HDMI",339.99
824,Case Logic LAPS116 - Laptop Sleeve - 15.6 inch / Heather Rose,19.01
825,LG UltraGear 27GN850 - QHD Nano IPS Gaming Monitor - 144hz - 27 inch,429.0
826,K&L - RGB Gaming Muismat XXL - LED Verlichting Muismat - Antislip - Waterproof - Extra Breed en Lang - Zwart,29.99
827,Logitech M100 - Muis - Zwart,14.25
828,Xiaomi Mi TV Stick Full HD Android HDMI Zwart,42.5
829,Trust Oila - 4 Poorts USB 2.0 Hub,10.59
830,MSI GF65 9SEXR-430NL - Gaming Laptop - 15.6 inch (120 Hz),1108.53
831,Asus Chromebook C523NA-EJ0186 - Chromebook - 15.6 Inch,239.0
832,Case Logic CDW-320 CD-Map - 320 CD's,32.5
833,Case Logic Jaunt - Laptop Rugzak - 15.6 inch / Zwart,21.9
834,Huismerk Canon PG-545XL Inktcartridge Zwart + 3 kleuren Voordeelbundel Hoge capaciteit,34.9
835,FullHD Webcam - USB PC Camera met Microfoon - Plug & Play - 1920x1080 -2MP,20.38
836,Boya BY-M1 lapel mic for smartphones & DSLR's,20.99
837,Razer Mamba Elite Optische Gaming Muis - 16000 DPI - Zwart,79.99
838,Beveiligingscamera - Voor huisdieren - Beweeg en Geluidsdetectie - Zwart - WiFi,44.95
839,Kono Rugzak - Laptoptas inclusief USB Oplaadstation - 25 L Rugtas voor Mannen/Vrouwen - Tas Met Reflecterende Strip - Waterdichte Backpack - Tas voor School/Werk/Reizen - Zwart (E1972),34.95
840,Samsung C24F390FHU - Full HD Curved Monitor,129.0
841,Razer Cynosa Chroma Lite Membraan Gaming Toetsenbord - QWERTY - Zwart,49.99
842,Wacom One by Medium grafische tablet 2540 lpi 216 x 135 mm USB Zwart,71.5
843,"Trendfield Macbook Pro & Air 13 Inch Case - Laptophoes 2016, 2017, 2018, 2019 & 2020 - Macbook Air Laptop Hoes 13.3 Inch Sleeve - Diamond Zwart",29.95
844,Optische USB Game Muis 7D Wolf met LED - max DPI 2400 - Rood,15.49
845,Canon RP-108 - Inktcartridge / Kleur + 108 papiersheets,29.99
846,LG 27MP59G-P - Full HD IPS Gaming Monitor - 27 inch,159.0
847,REBELPLAY Gaming PC - Ryzen 7 - RTX 2060 - 16GB RAM - 480GB SSD - RGB - WiFi,899.0
848,USB Type C Gigabit LAN Ethernet Adapter + 3 Poorts USB 3.0 Hub,19.99
849,MMOBIEL USB Type C naar VGA Adapter voor Macbook - PC - Laptop - Notebook - 1080p - HDTV - ZWART,9.99
850,Trust Tytan 2.1 Speakerset / Zwart,59.89
851,Trust Mila 2.0 - Speakerset - Zwart,14.89
852,Dell Latitude E5520 (Refurbished) – Intel Core i5-2410M - 4GB - 120GB-SSD - Windows 10,279.95
853,ASUS VivoBook 15 X512DA-EJ1453T - Laptop - 15.6 Inch,426.55
854,Canon PIXMA TS8350 - All-in-one printer / Zwart,162.0
855,Acer Adapter van 65W voor Acer notebooks,20.0
856,Logitech B170 - Draadloze Muis,14.99
857,Muismat Gaming XXL 80x30cm bureau onderlegger XXL | Gaming Muismat | Mousepad | Pro Muismat XXL | Anti-slip | Desktop Mat | Computer Mat | Zwarte uitvoering,14.95
858,HP Mouse X500 - Muis / Zwart,14.95
859,Trust Sydney - Laptoptas - 14 inch / Zwart,14.99
860,Nieuwste Usb Bluetooth 5.0 Adapter Zender Ontvanger Audio Bluetooth Dongle Draadloze Usb Adapter Voor Computer Pc Laptop,9.95
861,Sonnon HDMI Splitter - HDMI Switch - HDMI-splitter - Metallic - 3 ingangen,19.95
862,Philips 243V7QJABF - Full HD IPS Monitor - 24 inch,118.55
863,Microsoft Surface Arc Mouse - Zwart - Draadloos,64.99
864,Improducts® Inkt cartridges - Alternatief HP 304 / 304XL  N9K08AE / N9K07AE multi pack,38.17
865,Raspberry Pi 4B - starter kit - 4GB,97.95
866,Lenovo Legion 5 82B1003EMH - Gaming Laptop - 15.6 Inch (144Hz),1379.0
867,USB C naar 4K HDMI Adapter - USBC Hub - Zwart,11.99
868,Lenovo IdeaPad 3 17ADA05 81W20036MH - Laptop - 17.3 Inch,499.99
869,Iiyama ProLite XU2493HSU-B1 - Full HD Monitor - 24 inch,127.95
870,Iiyama ProLite XU2493HSU-B1 - Full HD Monitor - 24 inch,127.95
871,iDeskmate - Robuuste Verstelbare Laptop standaard - Ergonomische Laptopstandaard op ooghoogte,49.95
872,Logitech K120 - Bedraad Toetsenbord - QWERTY / Zwart,25.0
873,"Neopreen laptopsleeve 15,6'' blauw",5.5
874,Sandisk Cruzer Blade | 32GB | USB 2.0 A - USB Stick,8.99
875,M-Iconic Externe CD/DVD Speler en Brander - Optische drive extern - USB 3.0 CD-Rom Disk Lezer & Brander - Externe DVD brander - Optical Drive - Brander - Plug & Play - Voor Laptop en Computer - Geschikt voor Windows / Mac OS / Linux,25.95
876,Razer Huntsman Tournament Mechanisch TKL Qwerty Gaming Toetsenbord - Optische Switch - Zwart,121.24
877,TP-Link Deco M5 - Multiroom Wifi Systeem - Single Unit,67.75
878,2-voudige verdeelstekker - randaarde,8.95
879,HP EliteDisplay E223 - Full HD IPS Monitor - 22 inch,155.0
880,HP Pavilion x360 14-dw0705nd - 2-1 Laptop - 14 Inch,599.0
881,Trust Vecco - 4 Poorts USB 2.0 Mini Hub Hu-4440p,9.09
882,"Monati 8 in 1 USB hub - USB c adapter / splitter voor Ethernet , HDMI , micro SD , USB 3.0 en USB-c - Geschikt voor alle systemen",39.95
883,ergonomische Muismat - Computer muismat - Computer - Polssteun muismat - Zwart,8.49
884,Corsair K95 RGB Platinum - Qwerty - Cherry MX Speed - Mechanisch Gaming Toetsenbord,167.9
885,ASUS TUF VG27AQ - QHD IPS Gaming Monitor - 27 inch - 144-165hz,489.0
886,Grundig Schermreiniging Set - Screen Cleaner Kit - Schoonmaakkit voor schermen - 3 Delig,10.59
887,"Webcam Cover - Privacy schuifje - Geschikt voor Macbook, Laptop en Tablet - Zwart - 3 stuks",1.99
888,Case Logic Ibira - Laptophoes - 14 inch / Donkerblauw,15.79
889,Trust Halyx - USB-C Hub - 4-Port USB 3.2 - 5 Gbps,24.99
890,"NORTON 360 Deluxe (18 maanden, voor 5 apparaten)",33.95
891,Eastpak Back To Work Rugzak 15 inch laptopvak - Black,55.95
892,AOC 27G2U - Full HD IPS Gaming monitor - 27 inch (144hz),229.0
893,UGreen HDMI Splitter/Switcher - 2 in 1 HDMI Uitgang - 1 in 2 HDMI Uitgang - HDMI Switch - HDMI Splitter - 4K - HDMI Adapter - Zwart - HDMI Schakelaar,22.95
894,Dell S2721DGF - QHD IPS Gaming Monitor - 165hz - 27 inch,449.0
895,Internet / Netwerk / Ethernet Kabel Splitter zwart | Supersnelle Verdeler Connector / Adapter Voor UTP / FTP / RJ45 / ISDN / LAN,8.99
896,Canon PIXMA TS-3355 - All-in-One Printer,49.46
897,"Full HD Webcam – Optische Lens met Hoge Precisie – Hooggevoelige Microfoon – CMOS Sensor – Geen Software Nodig - Geschikt voor Windows, Mac OS & Android",39.95
898,Microsoft Comfort 4500 - Muis,22.99
899,"8 in 1 USB C Hub | hdmi 4K, LAN gigabit ethernet RJ45, 2*usb 3.0, USB-C poort en micro/SD kaartlezer | usb-c-hub geschikt voor | Apple Macbook / Pro | Windows | Dell | HP | Asus | Google | Samtech©",45.95
900,Merchannice - wifi versterker - 300 Mbps,18.99
901,SteelSeries Rival 600 - Optische Gaming Muis - 12000 CPI - Zwart,77.27
902,Apple MacBook Pro (2020) MXK62 - 13.3 inch - Intel Core i5 - 256 GB  - Zilver,1349.0
903,Unic UC18 LED Mini Beamer - Zwart,54.0
904,Trust Quasar - Headset - Over-Ear - Zwart,18.89
905,Acer Aspire 7 A715-75G-77WN - Laptop - 15.6 Inch,949.0
906,Draaibare 3 Poorts USB Hub / Switch / Splitter / Verdeler - Plug & Play - Zwart,7.49
907,HP Color Laser 150a Kleur 600 x 600 DPI A4,191.0
908,"Draadloze USB Bluetooth Audio Adapter / Receiver (Ontvanger) - Voor Auto Radio / Stereo / Speakers / PC -  A2DP Voor Auto Radio, Hifi Stereo, MP3 - Inclusief Jack 3.5 MM Aux & USB Aansluiting Connector",3.99
909,TP-Link Deco M4 - Multiroom Wifi Systeem - Duo Pack,115.0
910,Case Logic LAPS113 - Laptop & MacBook Sleeve - 13.3 inch / Grijs,17.9
911,Case2go - Webcam Cover - dun en eenvoudig te monteren - (6 stuks),3.16
912,YG-300 LCD Projector - Mini Beamer,41.95
913,Wacom Intuos Pro Medium - Tekentablet,329.0
914,Reveload Webcam - Webcam voor PC Camera Web Cam Camera cover Laptop USB Webcam - Webcam voor Computer - Microfoon - Werk & Thuis - Windows & Mac,59.5
915,"Aluminium Laptop Standaard - Laptopstandaard Verstelbaar & Opvouwbaar - Laptop Stand - Laptop houder - Laptopsteun 13, 14, 15, 16 inch",32.26
916,"Fellowes laptop standaard I-Spire Quick Lift 17 inch,  wit",21.0
917,Netwerk Tester Set in etui- RJ45/RJ12/RJ11/Cat5/Cat5e/Cat6/UTP/LAN - Kabeltester Met Krimptang & LSA tang,20.66
918,Tecknet Universeel Draadloos Toetsenbord Voor Smart TV / (Windows) PC / Apple Macbook - iMac,35.95
919,Samsung PM981 MZ-VLB1T00 | M.2 SSD | 1 TB,109.0
920,MSI GeForce GT 710 2GB Passief,53.95
921,Chromecast zoals Google Chromecast voor TV Google Home Spotify - Youtube - Wifi - Dongle - Mediaspeler - Media streamer,32.95
922,Brother LC-3217 - Inktcartridge / Zwart / Cyaan / Magenta / Geel,55.95
923,Samsung 970 EVO Plus M.2 - SSD - 1TB,169.9
924,Trust GXT 754 Zwart Game-muismat,12.99
925,HP K1500 - Toetsenbord / Zwart,21.56
926,4K Webcam Business Edition - Webcam voor PC - Webcam met Microfoon - Webcam Cover - Streaming Webcam -  Webcam 4K - Webcam USB - Gaming - Meeting - Webcam Full HD - Vergaderingscamera - Windows / IOS / Mac - Camera voor Vergadering - Teams - Zoom,149.95
927,SanDisk SSD Extreme Portable - Solid State Drive (extern) - 1TB,139.0
928,"TravelMore Daily Carry XL Backpack - 17,3 inch Laptop Rugzak - Dames/Heren - 36L - Waterafstotend - Zwart",47.99
929,Corsair M65 Pro RGB - Optische Gaming Muis - 12000 DPI - Zwart,49.99
930,"Lenovo S330 Chromebook Zwart 35,6 cm (14'') 1920 x 1080 Pixels MediaTek 4 GB LPDDR3-SDRAM 64 GB eMMC Wi-Fi 5 (802.11ac) Chrome OS",269.0
931,HP 301 - Inktcartridge / Zwart,21.11
932,Brennenstuhl Comfort-Line Plus stekkerdoos met 4 ruime contacten / zwart - 2 meter,14.49
933,MMOBIEL 4 Port USB Type C Data Hub voor Macbook - Mac - iMac - PC - ZWART,9.99
934,Toshiba Canvio Basics 1TB - Externe harde schijf / Zwart,56.99
935,Philips 345E2AE - QHD Ultrawide Monitor - 34 inch,349.0
936,devolo Magic 2 WiFi next Starter Kit (NL),159.0
937,Acer Aspire 3 A317 - Laptop - 17 inch,789.0
938,"GXT 252 Emita - USB Studio Microfoon met Popfilter - voor Windows, Playstation 5 en Xbox Series X",92.99
939,Brennenstuhl Comfort-Line Plus stekkerdoos met 4 ruime contacten / wit - 2 meter,14.49
940,TravelZ Laptoptas 17 inch | Sportieve Lichtgewicht 17.3” Computertas | Waterafstotend | Zwart,24.9
941,TravelZ Laptoptas 17 inch | Sportieve Lichtgewicht 17.3” Computertas | Waterafstotend | Zwart,24.9
942,"HP 903XL Origineel Zwart, Cyaan, Magenta, Geel Multipack 4 stuk(s)",91.8
943,Acer Spin CP311-2H-C8AQ - Chromebook - 11.6 Inch,249.0
944,Canon PG-512 - Inktcartridge / Zwart,24.25
945,S96 Max Plus Android TV Box - Android 10 TV Box - 4K HDR - Media Player Speler met Android 10 - Plug & Play,65.95
946,Monitorstandaard - Scherm Verhoger voor Laptop en PC - Bureau Beeldscherm Verhoging,29.99
947,Philips NeoPix Easy+ Beamer,161.0
948,HP Laptop 14s-dq1740nd - Laptop - 14 Inch,599.0
949,Camera Beveiliging voor Buiten Draadloze Bewaking via Wifi Incl. 32 GB SD Kaart Full HD,89.95
950,Sandisk Ultra Fit | 64 GB | USB 3.0A - USB Stick,13.19
951,Canon PIXMA MG3650S - All-in-One Printer - Wit,99.95
952,"BURKELY Kay Schoudertas - 15,6 inch Laptoptas - Cognac",49.0
953,Logitech MK330 - Draadloos toetsenbord en Muis - Qwerty,57.19
954,Razer Ornata V2 Mecha-Membraan Gaming Toetsenbord  - Qwerty - Zwart,109.99
955,Razer Huntsman Elite Chroma - Qwerty - Opto Switch - Mechanisch Gaming Toetsenbord,199.0
956,"iPad Air, Mini, Pro lightning, iphone / 8 pins Camera Connection Kit 4 in 1, Card Reader met USB ingang en SD Kaartlezer, 4-in-1 Reader (IOS 11 ondersteuning), ook voor iPhone 5/5s/6/6s/7, wit",15.89
957,AOC I2790PQU - Full HD IPS Monitor - 27 inch,190.95
958,XP-Pen Star03 - Grote Tekentablet - USB - Zwart,89.99
959,"New Rebels Mart Waterproof Rolltop Laptop Rugzak - 15,6 inch - Zwart",35.0
960,"Universele HDMI switch 4K ultra hd en 1080p full hd - 3 poorts HDMI-kabels switch - HDMI verdeler / adapter / matrix / hub - Switch / Splitter 1, 2 en 3 poorts schakelaar",17.95
961,Logitech MK470 Slim Combo - Draadloos toetsenbord en muis - Zwart - QWERTY,55.9
962,"All-round Gaming PC Lucky7 (Ryzen 5 3600 4,2 Ghz, 16 GB DDR4 werkgeheugen, GTX 1650, 240GB SSD schijf en 1 TB HDD, RGB verlichting, WIFI) Zeer geschikt voor Fortnite!",697.0
963,HP 14s-dq0100nd - Laptop - 14 Inch,239.86
964,Iiyama G-Master G2730HSU-B1 - Gaming Monitor,169.0
965,"Enrico Benetti Madrid Schoudertas - 17,3 inch Laptoptas - Bruin",39.95
966,Set van 2 USB-C naar USB-A adapter OTG Converter USB 3.0 | |2 pack| USB C to USB A HUB | Verloop - Zwart,11.95
967,Asus Vivobook X712FA-AU1032T - Laptop - 17.3 Inch,649.0
968,TP-Link Deco X60 - Multiroom wifi systeem - AX - WIFI 6 / router + 2 satellieten - 3000Mbps,393.0
969,Mondio Laptoptas Laptop Sleeve - Soft Sleeve - Extra Bescherming - 13.3 inch - Neopreen - Universele Sleeve - Macbook Sleeve - met Ritssluiting - Laptop Tas - Foam - Macbook Pro / Air - Notebook - Zwart,15.99
970,HDMI Splitter - 2 schermen op 1 apparaat! - HDMI Poort verdeler,12.99
971,Clip-On Microfoon met Audio Verlengkabel Female To Male - 3.5 mm - Smartphone Iphone PS4 Gaming Android Windowsphone Laptop PC - Kleine microphone - Dasspeld - Zwart,9.59
972,"Professional HDMI-Splitter 2 poorts 4K – 1x-in 2x-uit – Dupliceert – Ondersteunt alle resoluties + 3D, Inclusief HDMI Kabel",29.95
973,Hama Lederlook - Muismat - Zwart,11.95
974,4 Poorten USB 3.0 Hub / Verdeler / Switch / Splitter - Zilver,10.63
975,Seagate Game-drive voor PlayStation 4 4TB,112.0
976,Canon PG-510 - Inktcartridge / Zwart,19.0
977,HBKS Mini Toetsenbord en Muis Draadloos - Bluetooth Connector - Apple - Android - QWERTY Draadloze Toetsenborden - Wireless Keyboard & Mouse - Zilver,49.97
978,Microfoon - Dynamische microfoon Zwart voor karaoke en DJ's - Fenton DM100,14.95
979,Samsung 870 QVO - 2.5 inch Interne SSD - 2TB,199.0
980,Precious Brand: CD/DVD - Plug & Play Combo Drive Speler - USB 3.0 - Cd/Dvd Brander - CD-Rom Disk Lezer - Hoge snelheid - Zwart,24.99
981,Glorious PC Gaming Race Model O muis USB Type-A Optisch 12000 DPI Rechtshandig,68.39
982,ASUS TUF VG279QM - Full HD IPS Gaming Monitor - 27 inch - 240hz,348.95
983,Sennheiser PC 7 - On-ear headset - Zwart,33.99
984,Memobird® Mobiele Portable Pocket Printer 2.0 – Bluetooth - Draag & Meeneembaar - Wit,57.95
985,Microsoft Windows 10 Home - Nederlands (download),129.0
986,Lenovo AC adapter 65W 20V 3.25A (4.0x1.7mm) voor Lenovo Yoga 510 520 530 710 series Ideapad 310 320 330 520 710 series,20.0
987,"DSTRCT Limited Leren Laptoptas - 15,6 inch - Bruin",79.95
988,Asus Chromebook C423NA-EB0108 - Chromebook - 14 Inch,249.0
989,Acer Chromebook R 13 CB5-312T-K5G1 - Chromebook - 13.3 Inch,399.0
990,Samsung Portable SSD T7 - 1TB - Grijs,162.9
991,Asus Vivobook 14 F413FA-EB569T - Laptop - 14 Inch,529.0
992,Philips CR7D5NS10 - CD-R 80Min - 700MB - Speed 52x - Slimcase - 10 stuks,13.74
993,Karaoke Microfoon - Draadloos - Bluetooth Verbinding - Zilverkleurig - Voor de gezelligste feestjes,13.95
994,ASUS Rapture GT-AX11000 - Router / AX / Wifi 6 - 11000 Mbps,399.0
995,TP-Link Archer C2300 - Router - 2300 Mbps,89.04
996,Epson Expression Home XP-3100 - All-in-One Printer,99.95
997,Canon CL-546XL - Inktcartridge / Kleur / Hoge Capaciteit,24.5
998,Muismat - Zwart - 220 x 180 mm - Antislip mat - Geschikt voor gaming muis / toetsenbord en Ergonomische muizen,7.99
999,MyStand® - Macbook/ Laptop Verstelbare Standaard Universeel - Opvouwbare stand – 11/17inch - Aluminium,16.99
1000,Ninzer® USB naar Internet / Ethernet LAN Netwerk Adapter - Wit,15.95
1001,HP 932XL / 933XL - Inktcartridge / Zwart / Kleur / Hoge Capaciteit / 4-Pack,79.95
1002,"Ewent EW1251 notebookstandaard Zwart 48,3 cm (19'')",39.99
1003,HP Laptop 14s-dq1710nd - Laptop - 14 Inch,499.0
1004,AWEMOZ® Laptoptafel Bamboe - Ontbijttafel - Bedtafel -  Laptop standaard - Ontbijt op bed Tafel - Schoottafel - Bank tafeltje - Laptophouder,35.95
1005,Raspberry Pi 400 - Kit - QWERTY,147.95
1006,Case Logic CDW32 - CD Map - 32 CD's,9.99
1007,Microsoft Designer Bluetooth Desktop - Draadloos Toetsenbord en Muis - Qwerty,84.95
1008,Webcam - Full HD (1920x1080) - Webcam voor pc - Windows & Mac - Inclusief Verlichting en Microfoon - USB-Plug & Play,59.95
1009,Corsair K70 RGB MK.2 - Qwerty - Cherry MX Brown - Mechanisch Gaming Toetsenbord,149.0
1010,"HP 963XL Origineel Zwart, Cyaan, Magenta, Geel 4 stuk(s)",114.95
1011,Opvouwbare Laptoptafel - Laptop bureau - Verstelbare bureautafel - Inclusief muisbord - Draagbare laptop stand (Anti-Slip),35.0
1012,Broids - Android 10 TV Box - Dinsey+ - 4K HDR - Media Player -Plug & Play - Set Top Box - IPTV Box -,68.5
1013,Lenovo Ideapad 3 81WD00NTMH - Laptop - 14 Inch,529.0
1014,A-KONIC© Toetsenbord draadloos | universeel keyboard Qwerty | Bluetooth 3.0 | PC/Laptop/Tablet| geschikt voor Apple Macbook Pro/Air | Dell XPS | Lenovo | Microsoft Surface | IOS | Windows | HP | Chromebook | Ipad | Laptop | zwart,22.46
1015,Lenovo Ideapad 5 15IIL05 81YK00DLMH - Laptop - 15.6 Inch,899.0
1016,WD My Passport 5TB - Zwart,119.0
1017,PEXIL USB hub 3.0 4 Poorten - Zwart,18.99
1018,Beamer Projector Full HD van InRound – Film Projector – Compacte beamer – Mini Projector – Mini Beamer – Beamers – Led – LCD – Televisie – TV – Kleine Draagbare Pocket Beamer – Draagbaar - Portable Beamer Kopen – Lamp Projectors – Videobeamer,129.99
1019,"USB-C hub zilver met HDMI, USB 3.0 & USB-C",9.3
1020,XXL-set: 3D Pen MyRiwell Advanced +12x10m pla +clips +3dpad +cleaning,59.95
1021,Lenovo Ideapad 3 17IML05 81WC0043MH - Laptop - 17.3 Inch,899.0
1022,"DELTACO ARM-534, Gasgedreven monitorbeugel, arm voor bureaus en tafels, full motion voor 13 tot 27 inch schermen, Vesa standaard, zwart",41.5
1023,Lenovo Ideapad 5 81YH00DYMH - Laptop - 14 Inch,899.0
1024,Epson 202 - Inktcartridge / Multipack,48.97
1025,Allteq - Stekkerdoos met schakelaar - 6-voudig - 5 meter - Zwart,13.67
1026,6 in 2 multifuctionele USB Type C Hub naar 2x USB 3.0 Poort + 2x USB C Poort + Micro SD / SD Kaartlezer – Macbook Pro – Thunderbolt | Macbook Pro USB C Hub - Zilver,22.99
1027,HP EliteDisplay E273m - Full HD USB-C IPS Monitor -  27 inch,309.0
1028,Lenovo IdeaPad Flex 5 81X3004NMH - Laptop - 15.6 inch,729.0
1029,Sounix 8 in 1 USB C HUB - USB C naar HDMI 4K@30hz+VGA+USB3.0*2+PD+1000M LAN+SD+3.5mm audio,42.7
1030,HP Value Top Load - Laptoptas / 15.6 inch / Grijs,20.47
1031,Sandisk Ultra Fit | 128 GB | USB 3.1 A - USB Stick,24.9
1032,Trust Mydo - Stille Draadloze Muis - Rood,13.99
1033,Philips 243V7QDAB - Full HD IPS Monitor,139.98
1034,Case Logic RBP217 - Laptop Rugzak - 17.3 inch / Zwart,47.99
1035,Acer Aspire 3 A315-22-670G - Laptop - 15.6 Inch,288.78
1036,AOC C27G2U - Curved Gaming Monitor - 165hz - 27 inch,249.0
1037,IP-camera met bewegingsdetectie - babyfoon - draadloze camera met wifi ondersteuning + app,27.85
1038,"Brother LC-3211VAL inktcartridge Origineel Zwart, Cyaan, Magenta, Geel Multipack",36.95
1039,Apple MMEL2ZM/A kabeladapter/verloopstukje Thunderbolt 3 (USB-C) Thunderbolt 2 Wit,49.96
1040,Microsoft Sculpt Comfort - Draadloze Muis,34.99
1041,HDMI naar VGA Adapter met audio kabel converter/switch voor computer/laptop/console | Plug and Play,7.95
1042,HP ProBook 650 G1 Laptop - Refurbished door Cirres - A Grade,399.0
1043,Tulp Naar HDMI Converter - AV / Composiet RCA To HDMI Audio Video Kabel Adapter Converter - Heble,10.67
1044,MIFOR® NIEUW 2K WEBCAM 2560x1440p - GRATIS PRIVACY SLUITER - QUAD HD - NIEUWSTE Webcam AUTOFOCUS met Microfoon - Webcam voor PC - Noise Cancelling - Geschikt voor Windows en Apple,30.56
1045,Microfoon condensator voor PC / Laptop / Xbox / Tablet / Telefoon Met Statief  - Youtube - Skype - Podcast - Studio - Opnames - Zingen - Karaoke,20.0
1046,Laptop Standaard - Stand - Laptopstandaard - Houder - Verstelbaar - Opvouwbaar - Lightgewicht - Tablet Houder - Aluminium - Proqit First,49.95
1047,Redragon Kamura K552 RGB Mechanisch Blue Switch - Gaming Toetsenbord - Aluminium Frame - Anti Ghosting Keyboard - Multimedia - Qwerty - Mechanical Keyboard - RGB Gaming Keyboard,59.95
1048,Logitech K120 - US toetsenbord USB QWERTY Internationaal EER / Zwart,20.99
1049,2-in-1 Notebook Cooling Pad Stand - Externe USB LED Laptop Cooler Koel Ventilator Standaard - Universeel,24.95
1050,Elgato Video Capture,97.34
1051,Canon PGI-570XL/CLI-571 - Inktcartridge / Zwart / Kleur,60.75
1052,HP 953XL - Inktcartridge / Zwart / Hoge Capaciteit,40.71
1053,Smartwares CIP-39220 IP Beveiligingscamera - Buiten,69.99
1054,Formuler Z8 IPTV Set-Top Box,124.95
1055,3 in 1- Type-C USB- Card Reader/Writer,10.95
1056,Philips 288E2A - 4K IPS Monitor - 28 inch,289.0
1057,HP Pavilion x360 14-dh1720nd - 2-in-1 Laptop - 14 Inch,949.0
1058,Fujitsu Lifebook E544 14 inch laptop - Refurbished door Daans Magazijn - 8GB RAM - 128GB SSD - i5-4210M - Zwart - B-grade,230.0
1059,Improducts® Inkt cartridges - Alternatief HP 301 / 301XL CH563EE zwart,19.5
1060,Brother HL-L2310D - Laserprinter,94.0
1061,USB 3.0 naar RJ45 Ethernet - Internet Adapter - Converter - Hoge Snelheid,20.95
1062,Allocacoc PowerCube Extended Duo USB - 1.5 meter kabel - Wit/Grijs - 4 stopcontacten - 2 USB laders - NL\/DE (Type F),22.0
1063,Sandisk Ultra Fit | 16 GB | USB Type-A 3.1 -USB Stick,7.79
1064,Microsoft Wireless Desktop 850 - Draadloos Toetsenbord en Muis,43.49
1065,LG 24MP59G - Full HD IPS Monitor - 24 inch,119.0
1066,Verstelbare Laptopstandaard 360 Graden Rotatie -  Laptophouder - Laptopstand - Aluminium Laptop Steun - Tablet Houder - Ergonomische Laptopstandaard -  Perfect voor Thuiswerken - 11 t/m 17 inch  - Grijs,69.95
1067,Honeycomb Gaming Muis - Stille Game Muis - 800 TOT 12.000 DPI - RGB verlichting - 7 Knoppen - Licht gewicht,38.5
1068,Samsung C27F390FHU - Full HD Curved Monitor,177.0
1069,HP DeskJet 2620 - All-in-One Printer,75.56
1070,Asus VivoBook 17 X712FB-AU542T - Laptop  - 17.3 Inch,849.0
1071,"MoKo G-530-C ergonomische 2.4G draadloze muis met nano-USB-ontvanger, 5 instelbare DPI-niveaus en 6 knoppen voor laptop, computer, notebook blauw",11.99
1072,Merah Webcam met gratis Lenskapje  ZWART- 1980x 1080 beeldschermresolutie- Webcam voor PC Camera Web Cam Camera cover Laptop USB Webcam - Webcam voor Computer - Microfoon - Werk & Thuis - Windows & Mac,29.6
1073,Satechi TYPE-C Multi-Port Adapter 4K Ethernet Space Grey v2,89.4
1074,Maxxions Bluetooth 5.0 USB Dongle Adapter inclusief CD,12.9
1075,Formuler Z8 PRO IPTV Set Top Box | Met Ergonomische afstandsbediening & Betere WiFi ontvangst,139.0
1076,Case Logic LAPS114 - Laptophoes - 14 inch / Turquoise,17.9
1077,"Original Externe CD/DVD speler en brander (Nieuwe Generatie) + inclusief hoesje – Plug & Play – Hoge Snelheid (USB 3.0) – Windows, Mac OS en Linux",29.95
1078,TP-LINK TLWR940N - Router - 450 Mbps,29.95
1079,HP Sprocket Studio Snow - Fotoprinter,149.0
1080,Trust Bigfoot - Gel Muismat - Blauw,9.99
1081,Microsoft Office 2019 - Professional Plus - Windows (doosje),79.95
1082,Sinji Ergonomische Muis - Rechtshandig - Multi-functionele knoppen - Anti-Muisarm - Draadloos - Zwart,20.0
1083,"TravelZ Hipster Rugtas | 28 liter Rugzak | Laptop rugtas 17"" | Veel compartimenten en laptopvak | Blauw",27.5
1084,Webcam Full HD - 1080p - USB Webcam met Microfoon - Webcam voor PC of Laptop - Geschikt voor Windows en Mac,23.75
1085,Western Digital Green 2.5'' 240 GB SATA III SLC,31.0
1086,relaxdays laptoptafel hout - bedtafel - opklapbaar - bed bank tafel tafeltje,32.95
1087,The North Face - FALL LINE - TNF BLACK - Unisex,79.0
1088,Apple Macbook Pro Retina (Refurbished) - i7 Quad-Core - 8GB - 256GB SSD - 15.4inch - macOS Catalina,849.95
1089,AOC E2275PWJ - Full HD Monitor,106.2
1090,Tecknet USB naar Audio Adapter | Externe Stereo Sound Adapter Aluminum | externe geluidskaart | 3.5mm audio poorten,15.99
1091,relaxdays monitor verhoger glas - monitorstandaard - beeldscherm verhoging - doorzichtig Klein,35.49
1092,IP-camera met bewegingsdetectie - babyfoon - draadloze camera met wifi ondersteuning + app - Superdealer Sricam,28.75
1093,"Merkloos USB-C naar USB-A Adapter [2-Pack], Thunderbolt 3 naar USB 3.0 Adapter | Compatible MacBook Pro 2019/2018/2017, MacBook Air 2018, Pixel 3, Dell XPS en meer Type-C Devices",3.55
1094,Logitech H111 - Stereo Headset,26.48
1095,Trust Yvi - Draadloze Mini Muis - Zwart,16.49
1096,Pcman Home/Office Pc incl windows 10,299.0
1097,Stekkerdoos 4-voudig randaarde Vierkant 1.5 meter 3X1 Wit,7.99
1098,ASUS 0A001-00043600 netvoeding & inverter Binnen 65 W Zwart,24.24
1099,iiyama ProLite XU2492HSU-B1 - Full HD IPS Monitor,124.99
1100,Corsair K63 Compact - Qwerty - Cherry MX Red -  Mechanisch Gaming Toetsenbord,82.5
1101,Lenovo Ideapad Duet ZA6F0004NL - Chromebook - 10.1 Inch,284.05
1102,ViveGrace Laptop Standaard - Opvouwbaar en Verstelbaar - Tablet Houder - Grijs,27.95
1103,Scart naar HDMI Converter - Scart Converter - 1080p Scart to HDMI - Scart Omvormer - Adapter - HD,19.95
1104,"Macbook en Laptop Soft Sleeve Case Zwart - Geschikt voor Macbook Pro & Air 13 inch (13,3'') - Laptop Hoes - Maximaal 14 inch - Zwart",14.95
1105,Canon PIXMA TS5150 - All-in-One Printer - Zwart,129.95
1106,HP X1500  - Muis / Zwart,15.95
1107,Ultra Slim Dun Ergonomisch Plat Toetsenbord Draadloos | Bluetooth Toetsenbord voor Tablet Telefoon Computer Laptop | Klein Toetsenbord | Mini Toetsenbord Draadloos | Compact Toetsenbord | Dun Toetsenbord | Zwart,25.99
1108,Eufycam 2C - 2 beveiligingscamera's / IP-camera's + basisstation - 180 dagen batterij - Voor binnen & buiten,254.95
1109,Philips FM32FD70D - USB 2.0 32GB - Snow - Grijs - 2 stuks,15.9
1110,AyeWay Professionele Full HD Webcam - Inclusief Gratis Webcam Cover - Webcam voor PC - Microfoon - Werk & Thuis - Windows & Mac,39.95
1111,Webcam 1.0 megapixel  - 480P HD camera voor pc en laptop met microfoon -  USB 2.0 'plug & play',14.99
1112,MMOBIEL USB Type C naar Ethernet 100 Mbps Adapter RJ45 Dongle voor Macbook - Mac - iMac - PC - 3 USB Poorten 3.0 - ZWART,14.49
1113,Magnify™ CR-2020 LCD Projector - Compacte Mini Beamer - Verbeterd Model - Speakers - Ingebouwde Batterij - Ideaal Voor Videoland Vanuit Bed,59.0
1114,Professionele Webcam – Full HD 1080P - Webcam met Standaard – Tripod Webcam -  Webcam met  Microfoon – Windows en Mac – Webcam Cover – Privacycover - Videobellen – Internet Bellen – Vergadering - Thuiswerken – Werk - Gamen – USB – Skype - Teams,29.71
1115,SecuFirst CAM214B Dome Camera – IP Camera draai- en kantelbaar - Voor buiten - 1080P,129.0
1116,battletron gaming muismat - led verlichting - usb aansluiting - gamers-mousepad-lichtgevend- rgb - led,11.8
1117,Microfoon voor pc&game console - Met staander - Microfoon vasthouden - Hoge kwaliteit,9.89
1118,Canon PGI-525PGBK - Inktcartridge / Zwart,14.75
1119,Trendfield Draadloze Muis - Bluetooth Muis - Computermuis Draadloos met Stille Muis Klik - Zilver,16.99
1120,"MacBook Pro oplader (Magsafe 1 85w) | A1343, A1222, A1290, A1172 MacBook Pro 15”/17” Adapter 85 watt Zedar®",26.99
1121,Corsair IRONCLAW RGB  Gaming Mouse - 18000 DPI - Zwart,54.99
1122,"Philips PicoPix MICRO PPX320 mobile Beamer, 100"", oplaadbare batterij, Wi-Fi (mirroring), Bluetooth",268.5
1123,Sandisk Ultra Flair Flash Drive | 256 GB |USB Type-A 3.2 Gen 1 - USB Stick,41.9
1124,Google Nest WiFi router - Multiroom Punt - uitbreiding - Wit,139.0
1125,Logitech Pebble M350 - Draadloze Muis - Zwart,24.99
1126,ScreenON - Ryzen 5 - 240GB M.2 SSD + 1TB HDD - GamePC.Y32173 - WiFi,459.0
1127,Optische muis USB zwart,8.5
1128,Samsung 970 EVO M.2 500GB,79.99
1129,Gaming muis en toetsenbord Game muis en toetsenbord set USB Bedraad Blacklit keyboard QWERTY,32.95
1130,HP USB DVDRW Drive - Externe DVD brander/ Zwart,44.49
1131,TOPVISION - Beamer - Projector- 5500 Lumen - LED - Mini beamer - Full HD - 1080p - Thuis Bioscoop,129.0
1132,"Laptop Sleeve- 14 inch Neopreen Laptop hoes Zwart -13,3 inch - Schockproof - Schokbestendig - laptop case - Laptop cover",20.0
1133,TP-Link UE200 - USB 2.0 naar Fast Ethernet Netwerk Adapter,14.79
1134,SteelSeries Rival 3 Draadloze Gaming Muis - Zwart,59.99
1135,HP All-in-One - 24-df0028ny (108H7EA) / 23.8 inch Full HD / i5-1035G1 / 8GB DDR4 / 1TB HDD+240GB M.2 SSD / DVD-RW / Windows 10 Pro / Plus toetsenbord en muis,729.0
1136,Case Logic LAPS116 - Laptop Sleeve - 15.6 inch / Boxcar,20.9
1137,TIKKENS Active Stylus Pen Zwart - Geschikt voor Android / iOS / Windows - Tablets / IPad / Smartphone - Universeel,28.99
1138,Trust Yvi - Draadloze Mini Muis - Blauw,11.29
1139,"Brother LC-123VALBP Zwart, Cyaan, Magenta, Geel inktcartridge",62.95
1140,Case Logic CDW72 - CD Map - 72 CD's,13.07
1141,"TP-LINK Archer T2U Dual Band, USB",21.9
1142,HP Chromebook 15-de0004nd - Chromebook - 15.6 Inch,429.0
1143,Orico  USB 3.0 Harde schijf behuizing  2.5 Inch SATA HDD en SSD - Zwart,14.99
1144,USB-Webcam (1080P)  Full HD Voor PC en Laptop Met Microfoon,47.5
1145,Apple USB SuperDrive,82.0
1146,MacBook Pro oplader (type Magsafe 2 85w Hesker) | A1424 MacBook Pro 15” Adapter 85 watt,26.99
1147,Kingston A400 - interne SSD - 120 GB,27.95
1148,USB Sandisk Cruzer 256GB Stick / Flash Drive / Zwart-Rood,29.99
1149,"NÖRDIC GAME-N1000, dubbele monitor arm - beugel voor 13 tot 32 Inch schermen, draai- kantelbare en zwenkbaar - zwart",32.5
1150,Lenovo ThinkPad USB 3.0 Dock Docking Station,37.5
1151,"USB Hub met vier Aansluitingen | Ultra-snelle USB Splitter voor PC, MacBook en laptop | 4 Poorten + micro usb| Zilver",20.0
1152,Corsair K68 Red LED - Qwerty - Cherry MX Red - Mechanisch Gaming Toetsenbord,89.9
1153,"Kensington, USB 3.0 Dual Docking Station",155.0
1154,Gembird CK-CAD2 - Spuitbus met perslucht - 3 Stuks,15.0
1155,Crucial BX500 SSD 240GB 2.5'' SATA III,38.89
1156,HP Laptop 15s-fq1708nd - Laptop - 15.6 Inch,599.0
